Y,passanger2,age0,age1,age2,age3,age4,age5,age6,Bar0,Bar1,Bar2,Bar3,Restaurant20to50>=4,direction_same
0,1,0,1,0,0,0,0,0,0,0,0,0,0,0,0
1,1,0,1,0,0,0,0,0,0,0,0,0,0,0,1
2,1,0,1,0,0,0,0,0,0,0,0,0,0,0,0
3,0,0,0,0,0,0,0,1,0,0,0,0,0,0,0
4,0,0,0,0,0,0,0,1,0,0,0,0,0,0,1
5,0,0,0,0,0,0,0,1,0,0,0,0,0,0,0
6,1,1,0,0,0,0,0,1,0,0,0,0,1,0,0
7,1,0,0,0,0,0,0,1,0,0,0,0,1,0,1
8,1,0,0,0,0,0,0,1,0,0,0,0,1,0,0
9,1,0,1,0,0,0,0,0,0,1,0,0,0,0,0
10,1,0,1,0,0,0,0,0,0,1,0,0,0,0,1
11,0,0,1,0,0,0,0,0,0,1,0,0,0,0,0
12,1,0,0,1,0,0,0,0,0,1,0,0,0,0,0
13,1,0,0,1,0,0,0,0,0,1,0,0,0,0,1
14,1,0,0,1,0,0,0,0,0,1,0,0,0,0,0
15,0,1,0,1,0,0,0,0,0,0,0,0,0,0,0
16,0,0,0,1,0,0,0,0,0,0,0,0,0,0,1
17,0,0,0,1,0,0,0,0,0,0,0,0,0,0,0
18,1,0,0,1,0,0,0,0,0,0,0,1,0,1,0
19,1,0,0,1,0,0,0,0,0,0,0,1,0,1,1
20,1,0,0,1,0,0,0,0,0,0,0,1,0,1,0
21,0,0,0,1,0,0,0,0,0,0,0,0,0,0,0
22,1,0,0,1,0,0,0,0,0,0,0,0,0,0,0
23,0,0,1,0,0,0,0,0,0,0,0,0,1,0,0
24,1,0,1,0,0,0,0,0,0,0,0,0,1,0,1
25,0,0,1,0,0,0,0,0,0,0,0,0,1,0,0
26,0,0,1,0,0,0,0,0,0,1,0,0,0,0,0
27,1,0,1,0,0,0,0,0,0,1,0,0,0,0,0
28,1,0,1,0,0,0,0,0,0,1,0,0,0,0,1
29,1,0,1,0,0,0,0,0,0,1,0,0,0,0,0
30,1,0,1,0,0,0,0,0,0,1,0,0,0,0,0
31,1,0,1,0,0,0,0,0,0,1,0,0,0,0,1
32,0,0,1,0,0,0,0,0,0,1,0,0,0,0,0
33,0,1,0,0,1,0,0,0,0,0,0,0,0,0,0
34,1,0,0,0,1,0,0,0,0,0,0,0,0,0,1
35,0,0,0,0,1,0,0,0,0,0,0,0,0,0,0
36,0,1,0,0,0,0,1,0,0,0,0,0,0,0,0
37,0,0,0,0,0,0,1,0,0,0,0,0,0,0,1
38,0,0,0,0,0,0,1,0,0,0,0,0,0,0,0
39,0,1,0,0,0,0,1,0,0,0,0,0,0,0,0
40,0,0,0,0,0,0,1,0,0,0,0,0,0,0,1
41,0,0,0,0,0,0,1,0,0,0,0,0,0,0,0
42,0,0,1,0,0,0,0,0,0,0,0,0,0,0,0
43,1,0,1,0,0,0,0,0,0,0,0,0,0,0,1
44,1,0,1,0,0,0,0,0,0,0,0,0,0,0,0
45,0,1,0,0,1,0,0,0,0,0,0,0,1,1,0
46,1,0,0,0,1,0,0,0,0,0,0,0,1,1,1
47,0,0,0,0,1,0,0,0,0,0,0,0,1,1,0
48,0,1,0,0,1,0,0,0,0,0,0,0,0,0,0
49,0,0,0,0,1,0,0,0,0,0,0,0,0,0,1
50,0,0,0,0,1,0,0,0,0,0,0,0,0,0,0
51,1,0,1,0,0,0,0,0,0,1,0,0,0,1,0
52,1,0,1,0,0,0,0,0,0,1,0,0,0,1,1
53,1,0,1,0,0,0,0,0,0,1,0,0,0,1,0
54,0,0,0,0,0,0,0,0,1,0,0,0,0,0,0
55,0,0,0,0,0,0,0,0,1,0,0,0,0,0,0
56,1,0,0,0,0,0,0,0,1,0,0,0,0,0,1
57,1,0,0,0,0,0,0,0,1,0,0,0,0,0,0
58,1,0,0,1,0,0,0,0,0,0,0,0,0,0,0
59,0,0,0,1,0,0,0,0,0,0,0,0,0,0,1
60,1,0,0,1,0,0,0,0,0,0,0,0,0,0,0
61,0,0,0,0,1,0,0,0,0,0,0,1,0,1,0
62,1,0,0,0,1,0,0,0,0,0,0,1,0,1,1
63,0,0,0,1,0,0,0,0,0,0,0,0,0,0,0
64,0,0,0,1,0,0,0,0,0,0,0,0,0,0,1
65,0,0,0,1,0,0,0,0,0,0,0,0,0,0,0
66,1,1,0,0,0,0,0,0,1,1,0,0,0,0,0
67,1,0,0,0,0,0,0,0,1,1,0,0,0,0,1
68,1,0,0,0,0,0,0,0,1,1,0,0,0,0,0
69,0,0,0,0,0,0,0,1,0,0,0,0,0,0,0
70,0,0,0,0,0,0,0,1,0,0,0,0,0,0,1
71,0,0,0,0,0,0,0,1,0,0,0,0,0,0,0
72,1,0,0,0,1,0,0,0,0,0,1,0,0,0,0
73,1,0,0,0,1,0,0,0,0,0,1,0,0,0,1
74,1,0,0,0,1,0,0,0,0,0,1,0,0,0,0
75,1,0,0,1,0,0,0,0,0,0,1,0,0,0,0
76,1,0,0,1,0,0,0,0,0,0,1,0,0,0,1
77,0,0,0,1,0,0,0,0,0,0,1,0,0,0,0
78,0,1,1,0,0,0,0,0,0,0,0,0,0,0,0
79,0,0,1,0,0,0,0,0,0,0,0,0,0,0,1
80,0,0,1,0,0,0,0,0,0,0,0,0,0,0,0
81,1,0,0,0,0,0,1,0,0,0,0,0,1,0,0
82,1,0,0,0,0,0,1,0,0,0,0,0,1,0,1
83,1,0,0,0,0,0,1,0,0,0,0,0,1,0,0
84,1,0,0,0,1,0,0,0,0,1,0,0,0,0,0
85,1,0,0,0,1,0,0,0,0,1,0,0,0,0,0
86,1,0,0,0,1,0,0,0,0,1,0,0,0,0,1
87,1,0,0,0,1,0,0,0,0,1,0,0,0,0,0
88,0,1,0,0,0,1,0,0,0,0,0,0,1,0,0
89,1,0,0,0,0,1,0,0,0,0,0,0,1,0,1
90,0,0,0,0,0,1,0,0,0,0,0,0,1,0,0
91,0,0,0,0,0,1,0,0,0,0,0,0,1,0,0
92,1,0,0,0,0,1,0,0,0,0,0,0,1,0,0
93,1,0,0,0,0,1,0,0,0,0,0,0,1,0,1
94,1,0,0,0,0,1,0,0,0,0,0,0,1,0,0
95,1,0,0,0,0,0,1,0,0,0,0,0,0,0,0
96,1,0,0,0,0,0,1,0,0,0,0,0,0,0,1
97,0,0,0,0,0,0,1,0,0,0,0,0,0,0,0
98,0,0,0,0,0,0,0,0,1,1,0,0,0,0,0
99,1,0,0,0,0,0,0,0,1,1,0,0,0,0,0
100,1,0,0,0,0,0,0,0,1,1,0,0,0,0,1
101,1,0,0,0,0,0,0,0,1,1,0,0,0,0,0
102,1,0,0,1,0,0,0,0,0,1,0,0,0,0,0
103,1,0,0,1,0,0,0,0,0,1,0,0,0,0,1
104,1,0,0,1,0,0,0,0,0,1,0,0,0,0,0
105,0,1,0,0,0,0,0,1,0,0,0,0,1,0,0
106,1,0,0,0,0,0,0,1,0,0,0,0,1,0,1
107,1,0,0,0,0,0,0,1,0,0,0,0,1,0,0
108,0,1,0,0,0,0,0,1,0,0,0,0,0,0,0
109,1,0,0,0,0,0,0,1,0,0,0,0,0,0,1
110,0,0,0,0,0,0,0,1,0,0,0,0,0,0,0
111,0,1,0,0,0,0,0,0,1,0,0,0,0,0,0
112,1,0,0,0,0,0,0,0,1,0,0,0,0,0,1
113,0,0,0,0,0,0,0,0,1,0,0,0,0,0,0
114,0,0,0,1,0,0,0,0,0,0,0,0,0,0,0
115,1,0,0,1,0,0,0,0,0,0,0,0,0,0,0
116,1,0,0,1,0,0,0,0,0,0,0,0,0,0,1
117,1,0,0,1,0,0,0,0,0,0,0,0,0,0,0
118,0,0,1,0,0,0,0,0,0,1,0,0,0,0,0
119,0,0,1,0,0,0,0,0,0,1,0,0,0,0,1
120,0,0,1,0,0,0,0,0,0,1,0,0,0,0,0
121,0,0,0,0,1,0,0,0,0,1,0,0,0,1,0
122,1,0,0,0,1,0,0,0,0,1,0,0,0,1,1
123,1,0,0,0,1,0,0,0,0,1,0,0,0,1,0
124,0,0,1,0,0,0,0,0,0,0,0,0,1,0,0
125,1,0,1,0,0,0,0,0,0,0,0,0,1,0,0
126,1,0,1,0,0,0,0,0,0,0,0,0,1,0,1
127,0,0,1,0,0,0,0,0,0,0,0,0,1,0,0
128,0,1,0,0,0,1,0,0,0,0,0,0,1,0,0
129,0,0,0,0,0,1,0,0,0,0,0,0,1,0,1
130,0,0,0,0,0,1,0,0,0,0,0,0,1,0,0
131,0,1,0,0,1,0,0,0,0,0,0,0,0,0,0
132,0,0,0,0,1,0,0,0,0,0,0,0,0,0,1
133,0,0,0,0,1,0,0,0,0,0,0,0,0,0,0
134,0,0,0,0,0,0,0,0,1,1,0,0,0,0,0
135,1,0,0,0,0,0,0,0,1,1,0,0,0,0,1
136,1,0,0,0,0,0,0,0,1,1,0,0,0,0,0
137,0,0,0,0,0,0,0,0,1,0,0,0,0,0,0
138,0,0,0,0,0,0,0,0,1,0,0,0,0,0,0
139,0,0,0,0,0,0,0,0,1,0,0,0,0,0,1
140,0,0,0,0,0,0,0,0,1,0,0,0,0,0,0
141,0,0,0,0,1,0,0,0,0,0,0,0,1,0,0
142,1,0,0,0,1,0,0,0,0,0,0,0,1,0,0
143,1,0,0,0,1,0,0,0,0,0,0,0,1,0,1
144,0,0,0,0,1,0,0,0,0,0,0,0,1,0,0
145,0,1,0,0,0,0,1,0,0,0,0,0,0,0,0
146,0,0,0,0,0,0,1,0,0,0,0,0,0,0,1
147,0,0,0,0,0,0,1,0,0,0,0,0,0,0,0
148,0,1,0,0,0,0,1,0,0,0,0,0,0,0,0
149,0,0,0,0,0,0,1,0,0,0,0,0,0,0,1
150,0,0,0,0,0,0,1,0,0,0,0,0,0,0,0
151,0,1,0,0,0,1,0,0,0,0,0,0,1,0,0
152,0,0,0,0,0,1,0,0,0,0,0,0,1,0,1
153,0,0,0,0,0,1,0,0,0,0,0,0,1,0,0
154,0,0,0,0,1,0,0,0,0,0,0,0,1,0,0
155,1,0,0,0,1,0,0,0,0,0,0,0,1,0,0
156,0,0,0,0,1,0,0,0,0,0,0,0,1,0,1
157,0,0,0,0,1,0,0,0,0,0,0,0,1,0,0
158,1,1,0,1,0,0,0,0,0,1,0,0,0,1,0
159,1,0,0,1,0,0,0,0,0,1,0,0,0,1,1
160,1,0,0,1,0,0,0,0,0,1,0,0,0,1,0
161,1,0,0,0,0,0,0,0,0,0,0,0,0,0,0
162,1,0,0,0,0,0,0,0,0,0,0,0,0,0,1
163,0,0,0,0,0,0,0,0,0,0,0,0,0,0,0
164,1,0,0,1,0,0,0,0,0,0,0,0,1,0,0
165,0,0,0,1,0,0,0,0,0,0,0,0,1,0,1
166,0,0,0,1,0,0,0,0,0,0,0,0,1,0,0
167,0,0,0,0,0,0,0,0,1,0,0,0,0,0,0
168,0,0,0,0,0,0,0,0,1,0,0,0,0,0,1
169,0,0,0,0,0,0,0,0,1,0,0,0,0,0,0
170,0,0,0,0,0,0,0,0,1,0,0,0,0,0,0
171,0,0,0,0,0,0,0,0,1,0,0,0,0,0,0
172,0,0,0,0,0,0,0,0,1,0,0,0,0,0,1
173,0,0,0,0,0,0,0,0,1,0,0,0,0,0,0
174,0,0,1,0,0,0,0,0,0,0,0,0,0,0,0
175,0,0,1,0,0,0,0,0,0,0,0,0,0,0,0
176,0,0,1,0,0,0,0,0,0,0,0,0,0,0,1
177,0,0,1,0,0,0,0,0,0,0,0,0,0,0,0
178,0,0,0,0,0,0,0,1,0,0,0,0,0,0,0
179,0,0,0,0,0,0,0,1,0,0,0,0,0,0,1
180,0,0,0,0,0,0,0,1,0,0,0,0,0,0,0
181,1,0,0,1,0,0,0,0,0,1,0,0,0,0,0
182,1,0,0,1,0,0,0,0,0,1,0,0,0,0,0
183,1,0,0,1,0,0,0,0,0,1,0,0,0,0,1
184,0,0,0,1,0,0,0,0,0,1,0,0,0,0,0
185,1,0,0,0,0,0,1,0,0,1,0,0,0,0,0
186,1,0,0,0,0,0,1,0,0,1,0,0,0,0,0
187,1,0,0,0,0,0,1,0,0,1,0,0,0,0,1
188,1,0,0,0,0,0,1,0,0,1,0,0,0,0,0
189,1,0,0,0,0,0,0,0,1,0,0,0,0,0,0
190,1,0,0,0,0,0,0,0,1,0,0,0,0,0,1
191,1,0,0,0,0,0,0,0,1,0,0,0,0,0,0
192,0,1,0,0,0,1,0,0,0,0,0,0,1,0,0
193,0,0,0,0,0,1,0,0,0,0,0,0,1,0,1
194,0,0,0,0,0,1,0,0,0,0,0,0,1,0,0
195,0,0,0,0,0,0,0,1,0,0,0,0,0,0,0
196,0,0,0,0,0,0,0,1,0,0,0,0,0,0,1
197,0,0,0,0,0,0,0,1,0,0,0,0,0,0,0
198,0,1,0,0,0,0,0,1,0,0,0,0,1,0,0
199,1,0,0,0,0,0,0,1,0,0,0,0,1,0,1
200,0,0,0,0,0,0,0,1,0,0,0,0,1,0,0
201,0,0,0,0,0,0,0,0,1,0,0,0,0,0,0
202,0,0,0,0,0,0,0,0,1,0,0,0,0,0,0
203,0,0,0,0,0,0,0,0,1,0,0,0,0,0,1
204,1,0,0,0,0,0,0,0,1,0,0,0,0,0,0
205,0,0,0,0,1,0,0,0,0,0,0,0,0,0,0
206,0,0,0,0,1,0,0,0,0,0,0,0,0,0,0
207,0,0,0,0,1,0,0,0,0,0,0,0,0,0,1
208,0,0,0,0,1,0,0,0,0,0,0,0,0,0,0
209,0,1,0,0,0,1,0,0,0,0,0,0,0,0,0
210,0,0,0,0,0,1,0,0,0,0,0,0,0,0,1
211,0,0,0,0,0,1,0,0,0,0,0,0,0,0,0
212,1,0,1,0,0,0,0,0,0,0,0,0,1,0,0
213,1,0,1,0,0,0,0,0,0,0,0,0,1,0,1
214,1,0,1,0,0,0,0,0,0,0,0,0,1,0,0
215,0,0,0,0,1,0,0,0,0,0,0,0,1,0,0
216,1,0,0,0,1,0,0,0,0,0,0,0,1,0,1
217,0,0,0,0,1,0,0,0,0,0,0,0,1,0,0
218,0,1,0,0,0,0,1,0,0,0,0,0,1,0,0
219,0,0,0,0,0,0,1,0,0,0,0,0,1,0,1
220,0,0,0,0,0,0,1,0,0,0,0,0,1,0,0
221,1,0,0,1,0,0,0,0,0,1,0,0,0,1,0
222,1,0,0,1,0,0,0,0,0,1,0,0,0,1,1
223,1,0,0,1,0,0,0,0,0,1,0,0,0,1,0
224,0,1,0,1,0,0,0,0,0,1,0,0,0,0,0
225,1,0,0,1,0,0,0,0,0,1,0,0,0,0,1
226,1,0,0,1,0,0,0,0,0,1,0,0,0,0,0
227,1,1,0,0,0,0,0,0,1,0,0,1,0,0,0
228,1,0,0,0,0,0,0,0,1,0,0,1,0,0,1
229,1,0,0,0,0,0,0,0,1,0,0,1,0,0,0
230,1,0,0,0,0,0,0,1,0,0,0,0,0,0,0
231,0,0,0,0,0,0,0,1,0,0,0,0,0,0,1
232,1,0,0,0,0,0,0,1,0,0,0,0,0,0,0
233,0,1,0,1,0,0,0,0,0,0,0,0,0,0,0
234,0,0,0,1,0,0,0,0,0,0,0,0,0,0,1
235,0,0,0,1,0,0,0,0,0,0,0,0,0,0,0
236,0,0,0,1,0,0,0,0,0,0,0,0,0,0,0
237,0,0,0,1,0,0,0,0,0,0,0,0,0,0,0
238,0,0,0,1,0,0,0,0,0,0,0,0,0,0,1
239,0,0,0,1,0,0,0,0,0,0,0,0,0,0,0
240,1,0,0,1,0,0,0,0,0,0,0,0,0,0,0
241,1,0,0,1,0,0,0,0,0,0,0,0,0,0,1
242,1,0,0,1,0,0,0,0,0,0,0,0,0,0,0
243,0,0,1,0,0,0,0,0,0,0,1,0,0,0,0
244,1,0,1,0,0,0,0,0,0,0,1,0,0,0,0
245,1,0,1,0,0,0,0,0,0,0,1,0,0,0,1
246,1,0,1,0,0,0,0,0,0,0,1,0,0,0,0
247,0,1,0,0,0,1,0,0,0,1,0,0,0,0,0
248,1,0,0,0,0,1,0,0,0,1,0,0,0,0,1
249,1,0,0,0,0,1,0,0,0,1,0,0,0,0,0
250,0,1,0,0,0,0,0,0,1,0,0,0,0,0,0
251,0,0,0,0,0,0,0,0,1,0,0,0,0,0,1
252,0,0,0,0,0,0,0,0,1,0,0,0,0,0,0
253,1,0,0,0,0,0,1,0,0,0,0,0,1,0,0
254,1,0,0,0,0,0,1,0,0,0,0,0,1,0,1
255,1,0,0,0,0,0,1,0,0,0,0,0,1,0,0
256,1,0,1,0,0,0,0,0,0,1,0,0,0,0,0
257,1,0,1,0,0,0,0,0,0,1,0,0,0,0,1
258,1,0,1,0,0,0,0,0,0,1,0,0,0,0,0
259,1,0,1,0,0,0,0,0,0,0,0,0,1,0,0
260,1,0,1,0,0,0,0,0,0,0,0,0,1,0,1
261,1,0,1,0,0,0,0,0,0,0,0,0,1,0,0
262,0,0,0,0,1,0,0,0,0,0,0,0,1,0,0
263,0,0,0,0,1,0,0,0,0,0,0,0,1,0,1
264,0,0,0,0,1,0,0,0,0,0,0,0,1,0,0
265,0,0,0,0,1,0,0,0,0,0,0,0,1,0,0
266,0,0,0,0,1,0,0,0,0,0,0,0,1,0,1
267,0,0,0,0,1,0,0,0,0,0,0,0,1,0,0
268,0,1,0,0,0,0,1,0,0,0,0,0,1,0,0
269,1,0,0,0,0,0,1,0,0,0,0,0,1,0,1
270,1,0,0,0,0,0,1,0,0,0,0,0,1,0,0
271,0,1,0,0,0,1,0,0,0,1,0,0,0,0,0
272,1,0,0,0,0,1,0,0,0,1,0,0,0,0,1
273,1,0,0,0,0,1,0,0,0,1,0,0,0,0,0
274,1,0,1,0,0,0,0,0,0,0,0,0,0,0,0
275,0,0,1,0,0,0,0,0,0,0,0,0,0,0,0
276,1,0,1,0,0,0,0,0,0,0,0,0,0,0,1
277,1,0,1,0,0,0,0,0,0,0,0,0,0,0,0
278,0,0,0,0,0,0,0,0,1,0,0,0,1,0,0
279,1,0,0,0,0,0,0,0,1,0,0,0,1,0,0
280,1,0,0,0,0,0,0,0,1,0,0,0,1,0,1
281,0,0,0,0,0,0,0,0,1,0,0,0,1,0,0
282,0,1,0,1,0,0,0,0,0,0,0,0,1,0,0
283,1,0,0,1,0,0,0,0,0,0,0,0,1,0,1
284,1,0,0,1,0,0,0,0,0,0,0,0,1,0,0
285,1,1,0,0,0,1,0,0,0,0,1,0,0,0,0
286,1,0,0,0,0,1,0,0,0,0,1,0,0,0,1
287,1,0,0,0,0,1,0,0,0,0,1,0,0,0,0
288,0,1,0,0,0,1,0,0,0,0,0,0,0,0,0
289,0,0,0,0,0,1,0,0,0,0,0,0,0,0,1
290,0,0,0,0,0,1,0,0,0,0,0,0,0,0,0
291,1,0,0,1,0,0,0,0,0,0,1,0,0,0,0
292,1,0,0,1,0,0,0,0,0,0,1,0,0,0,1
293,0,0,0,1,0,0,0,0,0,0,1,0,0,0,0
294,1,0,1,0,0,0,0,0,0,0,0,0,1,0,0
295,1,0,1,0,0,0,0,0,0,0,0,0,1,0,1
296,1,0,1,0,0,0,0,0,0,0,0,0,1,0,0
297,0,1,0,0,0,1,0,0,0,0,0,0,0,0,0
298,1,0,0,0,0,1,0,0,0,0,0,0,0,0,1
299,0,0,0,0,0,1,0,0,0,0,0,0,0,0,0
300,1,0,1,0,0,0,0,0,0,0,1,0,0,0,0
301,1,0,1,0,0,0,0,0,0,0,1,0,0,0,1
302,1,0,1,0,0,0,0,0,0,0,1,0,0,0,0
303,0,0,1,0,0,0,0,0,0,1,0,0,0,0,0
304,1,0,1,0,0,0,0,0,0,1,0,0,0,0,1
305,1,0,1,0,0,0,0,0,0,1,0,0,0,0,0
306,0,0,0,0,0,1,0,0,0,0,1,0,0,0,0
307,1,0,0,0,0,1,0,0,0,0,1,0,0,0,0
308,1,0,0,0,0,1,0,0,0,0,1,0,0,0,1
309,1,0,0,0,0,1,0,0,0,0,1,0,0,0,0
310,0,0,0,1,0,0,0,0,0,0,0,0,0,0,0
311,1,0,0,1,0,0,0,0,0,0,0,0,0,0,0
312,0,0,0,1,0,0,0,0,0,0,0,0,0,0,1
313,0,0,0,1,0,0,0,0,0,0,0,0,0,0,0
314,0,0,1,0,0,0,0,0,0,0,0,0,0,0,0
315,0,0,1,0,0,0,0,0,0,0,0,0,0,0,1
316,0,0,1,0,0,0,0,0,0,0,0,0,0,0,0
317,1,0,0,0,0,0,1,0,0,0,0,0,1,0,0
318,1,0,0,0,0,0,1,0,0,0,0,0,1,0,1
319,1,0,0,0,0,0,1,0,0,0,0,0,1,0,0
320,0,0,0,0,0,0,0,0,1,0,0,0,0,0,0
321,0,0,0,0,0,0,0,0,1,0,0,0,0,0,0
322,0,0,0,0,0,0,0,0,1,0,0,0,0,0,1
323,0,0,0,0,0,0,0,0,1,0,0,0,0,0,0
324,1,0,0,0,1,0,0,0,0,0,1,0,0,0,0
325,1,0,0,0,1,0,0,0,0,0,1,0,0,0,1
326,0,0,0,0,1,0,0,0,0,0,1,0,0,0,0
327,0,1,0,0,1,0,0,0,0,0,0,0,1,0,0
328,1,0,0,0,1,0,0,0,0,0,0,0,1,0,1
329,1,0,0,0,1,0,0,0,0,0,0,0,1,0,0
330,0,0,1,0,0,0,0,0,0,0,1,0,0,0,0
331,1,0,1,0,0,0,0,0,0,0,1,0,0,0,1
332,1,0,1,0,0,0,0,0,0,0,1,0,0,0,0
333,0,1,0,0,0,0,0,0,1,0,0,0,0,0,0
334,0,0,0,0,0,0,0,0,1,0,0,0,0,0,1
335,0,0,0,0,0,0,0,0,1,0,0,0,0,0,0
336,0,0,1,0,0,0,0,0,0,0,1,0,0,0,0
337,0,0,1,0,0,0,0,0,0,0,1,0,0,0,1
338,1,0,1,0,0,0,0,0,0,0,1,0,0,0,0
339,0,0,1,0,0,0,0,0,0,1,0,0,0,0,0
340,1,0,1,0,0,0,0,0,0,1,0,0,0,0,0
341,1,0,1,0,0,0,0,0,0,1,0,0,0,0,1
342,1,0,1,0,0,0,0,0,0,1,0,0,0,0,0
343,0,0,1,0,0,0,0,0,0,1,0,0,0,0,0
344,1,0,1,0,0,0,0,0,0,1,0,0,0,0,0
345,1,0,1,0,0,0,0,0,0,1,0,0,0,0,1
346,1,0,1,0,0,0,0,0,0,1,0,0,0,0,0
347,0,0,0,0,0,0,0,1,0,0,0,0,0,0,0
348,0,0,0,0,0,0,0,1,0,0,0,0,0,0,1
349,0,0,0,0,0,0,0,1,0,0,0,0,0,0,0
350,0,0,1,0,0,0,0,0,0,0,0,0,1,0,0
351,1,0,1,0,0,0,0,0,0,0,0,0,1,0,1
352,1,0,1,0,0,0,0,0,0,0,0,0,1,0,0
353,1,1,0,0,0,0,0,0,1,0,1,0,0,1,0
354,1,0,0,0,0,0,0,0,1,0,1,0,0,1,1
355,1,0,0,0,0,0,0,0,1,0,1,0,0,1,0
356,1,0,0,1,0,0,0,0,0,0,1,0,0,0,0
357,1,0,0,1,0,0,0,0,0,0,1,0,0,0,1
358,1,0,0,1,0,0,0,0,0,0,1,0,0,0,0
359,0,1,0,0,0,0,0,0,1,0,0,0,0,0,0
360,0,0,0,0,0,0,0,0,1,0,0,0,0,0,1
361,0,0,0,0,0,0,0,0,1,0,0,0,0,0,0
362,1,0,0,0,0,0,0,0,1,1,0,0,0,0,0
363,1,0,0,0,0,0,0,0,1,1,0,0,0,0,1
364,0,0,0,0,0,0,0,0,1,1,0,0,0,0,0
365,0,1,0,0,0,0,1,0,0,0,0,0,0,0,0
366,0,0,0,0,0,0,1,0,0,0,0,0,0,0,1
367,0,0,0,0,0,0,1,0,0,0,0,0,0,0,0
368,0,1,0,0,0,0,0,1,0,0,1,0,0,0,0
369,1,0,0,0,0,0,0,1,0,0,1,0,0,0,1
370,1,0,0,0,0,0,0,1,0,0,1,0,0,0,0
371,1,1,0,1,0,0,0,0,0,0,0,0,0,0,0
372,0,0,0,1,0,0,0,0,0,0,0,0,0,0,1
373,0,0,0,1,0,0,0,0,0,0,0,0,0,0,0
374,0,0,0,0,0,0,1,0,0,0,0,0,1,0,0
375,0,0,0,0,0,0,1,0,0,0,0,0,1,0,0
376,0,0,0,0,0,0,1,0,0,0,0,0,1,0,1
377,0,0,0,0,0,0,1,0,0,0,0,0,1,0,0
378,0,1,0,0,0,0,1,0,0,0,0,0,1,0,0
379,1,0,0,0,0,0,1,0,0,0,0,0,1,0,1
380,0,0,0,0,0,0,1,0,0,0,0,0,1,0,0
381,1,0,1,0,0,0,0,0,0,1,0,0,0,0,0
382,1,0,1,0,0,0,0,0,0,1,0,0,0,0,1
383,0,0,1,0,0,0,0,0,0,1,0,0,0,0,0
384,0,0,0,0,0,1,0,0,0,0,0,0,0,0,0
385,0,0,0,0,0,1,0,0,0,0,0,0,0,0,1
386,0,0,0,0,0,1,0,0,0,0,0,0,0,0,0
387,0,1,0,0,0,0,0,0,1,0,0,0,0,0,0
388,0,0,0,0,0,0,0,0,1,0,0,0,0,0,1
389,0,0,0,0,0,0,0,0,1,0,0,0,0,0,0
390,1,0,0,1,0,0,0,0,0,1,0,0,0,1,0
391,1,0,0,1,0,0,0,0,0,1,0,0,0,1,1
392,1,0,0,1,0,0,0,0,0,1,0,0,0,1,0
393,0,0,0,0,0,0,0,0,0,0,0,0,0,0,0
394,0,0,0,0,0,0,0,0,0,0,0,0,0,0,1
395,0,0,0,0,0,0,0,0,0,0,0,0,0,0,0
396,0,1,0,0,0,0,0,0,1,0,0,0,1,0,0
397,1,0,0,0,0,0,0,0,1,0,0,0,1,0,1
398,1,0,0,0,0,0,0,0,1,0,0,0,1,0,0
399,1,0,1,0,0,0,0,0,0,0,0,0,0,0,0
400,1,0,1,0,0,0,0,0,0,0,0,0,0,0,1
401,0,0,1,0,0,0,0,0,0,0,0,0,0,0,0
402,1,0,1,0,0,0,0,0,0,0,0,0,1,0,0
403,1,0,1,0,0,0,0,0,0,0,0,0,1,0,1
404,1,0,1,0,0,0,0,0,0,0,0,0,1,0,0
405,1,1,0,0,1,0,0,0,0,1,0,0,0,1,0
406,1,0,0,0,1,0,0,0,0,1,0,0,0,1,1
407,1,0,0,0,1,0,0,0,0,1,0,0,0,1,0
408,0,1,0,0,0,0,0,0,1,1,0,0,0,0,0
409,1,0,0,0,0,0,0,0,1,1,0,0,0,0,1
410,0,0,0,0,0,0,0,0,1,1,0,0,0,0,0
411,0,1,0,0,1,0,0,0,0,0,0,0,0,0,0
412,1,0,0,0,1,0,0,0,0,0,0,0,0,0,1
413,0,0,0,0,1,0,0,0,0,0,0,0,0,0,0
414,1,0,1,0,0,0,0,0,0,0,0,1,0,0,0
415,1,0,1,0,0,0,0,0,0,0,0,1,0,0,1
416,1,0,1,0,0,0,0,0,0,0,0,1,0,0,0
417,0,1,0,0,1,0,0,0,0,1,0,0,0,0,0
418,1,0,0,0,1,0,0,0,0,1,0,0,0,0,1
419,0,0,0,0,1,0,0,0,0,1,0,0,0,0,0
420,0,0,1,0,0,0,0,0,0,0,0,0,1,0,0
421,0,0,1,0,0,0,0,0,0,0,0,0,1,0,1
422,0,0,1,0,0,0,0,0,0,0,0,0,1,0,0
423,0,1,0,0,0,0,1,0,0,0,0,0,1,0,0
424,1,0,0,0,0,0,1,0,0,0,0,0,1,0,1
425,1,0,0,0,0,0,1,0,0,0,0,0,1,0,0
426,1,0,0,1,0,0,0,0,0,0,0,1,0,1,0
427,1,0,0,1,0,0,0,0,0,0,0,1,0,1,1
428,1,0,0,1,0,0,0,0,0,0,0,1,0,1,0
429,0,1,0,1,0,0,0,0,0,0,0,0,0,0,0
430,0,0,0,1,0,0,0,0,0,0,0,0,0,0,1
431,0,0,0,1,0,0,0,0,0,0,0,0,0,0,0
432,0,0,0,0,0,0,0,0,1,0,1,0,0,0,0
433,1,0,0,0,0,0,0,0,1,0,1,0,0,0,1
434,0,0,0,0,0,0,0,0,1,0,1,0,0,0,0
435,0,1,0,0,0,0,1,0,0,1,0,0,0,0,0
436,1,0,0,0,0,0,1,0,0,1,0,0,0,0,1
437,0,0,0,0,0,0,0,0,1,0,0,0,0,0,0
438,0,0,0,0,0,0,0,0,1,0,0,0,0,0,0
439,0,0,0,0,0,0,0,0,1,0,0,0,0,0,1
440,0,0,0,0,0,0,0,0,1,0,0,0,0,0,0
441,1,0,0,1,0,0,0,0,0,0,0,1,0,0,0
442,1,0,0,1,0,0,0,0,0,0,0,1,0,0,0
443,1,0,0,1,0,0,0,0,0,0,0,1,0,0,1
444,1,0,0,1,0,0,0,0,0,0,0,1,0,0,0
445,0,1,0,0,0,0,1,0,0,1,0,0,0,0,0
446,1,0,0,0,0,0,1,0,0,1,0,0,0,0,1
447,0,0,0,0,0,0,1,0,0,1,0,0,0,0,0
448,1,0,0,0,1,0,0,0,0,0,0,0,0,0,0
449,1,0,0,0,1,0,0,0,0,0,0,0,0,0,1
450,1,0,0,0,1,0,0,0,0,0,0,0,0,0,0
451,0,1,1,0,0,0,0,0,0,0,0,0,0,0,0
452,0,0,1,0,0,0,0,0,0,0,0,0,0,0,1
453,0,0,1,0,0,0,0,0,0,0,0,0,0,0,0
454,0,0,0,0,1,0,0,0,0,0,0,0,1,0,0
455,1,0,0,0,1,0,0,0,0,0,0,0,1,0,0
456,1,0,0,0,1,0,0,0,0,0,0,0,1,0,1
457,1,0,0,0,1,0,0,0,0,0,0,0,1,0,0
458,0,0,1,0,0,0,0,0,0,0,0,0,0,0,0
459,0,0,1,0,0,0,0,0,0,0,0,0,0,0,1
460,0,0,1,0,0,0,0,0,0,0,0,0,0,0,0
461,1,0,0,0,0,1,0,0,0,0,0,0,1,0,1
462,0,0,0,0,0,1,0,0,0,0,0,0,1,0,0
463,0,1,0,0,0,0,0,1,0,0,0,0,0,0,0
464,0,0,0,0,0,0,0,1,0,0,0,0,0,0,1
465,0,0,0,0,0,0,0,1,0,0,0,0,0,0,0
466,1,0,0,1,0,0,0,0,0,0,0,0,0,0,0
467,1,0,0,1,0,0,0,0,0,0,0,0,0,0,1
468,1,0,0,1,0,0,0,0,0,0,0,0,0,0,0
469,0,0,0,0,0,0,0,0,1,0,0,0,0,0,0
470,0,0,0,0,0,0,0,0,1,0,0,0,0,0,0
471,0,0,0,0,0,0,0,0,1,0,0,0,0,0,1
472,0,0,0,0,0,0,0,0,1,0,0,0,0,0,0
473,0,0,0,0,0,0,0,1,0,0,0,0,1,0,0
474,1,0,0,0,0,0,0,1,0,0,0,0,1,0,0
475,1,0,0,0,0,0,0,1,0,0,0,0,1,0,1
476,0,0,0,0,0,0,0,1,0,0,0,0,1,0,0
477,1,0,0,1,0,0,0,0,0,0,1,0,0,0,0
478,1,0,0,1,0,0,0,0,0,0,1,0,0,0,1
479,1,0,0,1,0,0,0,0,0,0,1,0,0,0,0
480,1,0,0,0,0,0,0,0,0,0,0,0,0,0,0
481,1,0,0,0,0,0,0,0,0,0,0,0,0,0,1
482,0,0,0,0,0,0,0,0,0,0,0,0,0,0,0
483,0,1,0,0,0,0,1,0,0,0,0,0,0,0,0
484,0,0,0,0,0,0,1,0,0,0,0,0,0,0,1
485,0,0,0,0,0,0,1,0,0,0,0,0,0,0,0
486,0,1,0,0,0,0,1,0,0,0,0,0,1,0,0
487,1,0,0,0,0,0,1,0,0,0,0,0,1,0,1
488,0,0,0,0,0,0,1,0,0,0,0,0,1,0,0
489,1,0,1,0,0,0,0,0,0,0,0,1,0,0,0
490,1,0,1,0,0,0,0,0,0,0,0,1,0,0,1
491,1,0,1,0,0,0,0,0,0,0,0,1,0,0,0
492,0,0,0,0,0,0,1,0,0,0,0,0,1,0,0
493,1,0,0,0,0,0,1,0,0,0,0,0,1,0,0
494,1,0,0,0,0,0,1,0,0,0,0,0,1,0,1
495,1,0,0,0,0,0,1,0,0,0,0,0,1,0,0
496,0,0,0,1,0,0,0,0,0,0,0,0,0,0,0
497,0,0,0,1,0,0,0,0,0,0,0,0,0,0,1
498,0,0,0,1,0,0,0,0,0,0,0,0,0,0,0
499,1,0,1,0,0,0,0,0,0,0,1,0,0,0,0
500,1,0,1,0,0,0,0,0,0,0,1,0,0,0,1
501,1,0,1,0,0,0,0,0,0,0,1,0,0,0,0
502,0,1,0,0,1,0,0,0,0,0,0,0,1,0,0
503,1,0,0,0,1,0,0,0,0,0,0,0,1,0,1
504,0,0,0,0,1,0,0,0,0,0,0,0,1,0,0
505,0,0,0,1,0,0,0,0,0,0,0,0,1,0,0
506,1,0,0,1,0,0,0,0,0,0,0,0,1,0,0
507,0,0,0,1,0,0,0,0,0,0,0,0,1,0,1
508,1,0,0,1,0,0,0,0,0,0,0,0,1,0,0
509,1,0,0,1,0,0,0,0,0,0,0,0,0,0,0
510,1,0,0,1,0,0,0,0,0,0,0,0,0,0,0
511,0,0,0,1,0,0,0,0,0,0,0,0,0,0,1
512,0,0,0,1,0,0,0,0,0,0,0,0,0,0,0
513,0,0,0,0,0,0,0,0,1,0,0,0,0,0,0
514,1,0,0,0,0,0,0,0,1,0,0,0,0,0,1
515,0,0,0,0,0,0,0,0,1,0,0,0,0,0,0
516,0,0,0,1,0,0,0,0,0,0,0,0,1,0,0
517,1,0,0,1,0,0,0,0,0,0,0,0,1,0,0
518,1,0,0,1,0,0,0,0,0,0,0,0,1,0,1
519,1,0,0,1,0,0,0,0,0,0,0,0,1,0,0
520,0,1,0,0,0,0,1,0,0,1,0,0,0,0,0
521,1,0,0,0,0,0,1,0,0,1,0,0,0,0,1
522,1,0,0,0,0,0,1,0,0,1,0,0,0,0,0
523,1,0,0,1,0,0,0,0,0,1,0,0,0,0,0
524,1,0,0,1,0,0,0,0,0,1,0,0,0,0,1
525,1,0,0,1,0,0,0,0,0,1,0,0,0,0,0
526,0,0,1,0,0,0,0,0,0,0,0,0,0,0,0
527,0,0,1,0,0,0,0,0,0,0,0,0,0,0,0
528,0,0,1,0,0,0,0,0,0,0,0,0,0,0,1
529,0,0,1,0,0,0,0,0,0,0,0,0,0,0,0
530,0,1,0,0,0,0,0,0,1,0,0,0,0,0,0
531,0,0,0,0,0,0,0,0,1,0,0,0,0,0,1
532,0,0,0,0,0,0,0,0,1,0,0,0,0,0,0
533,0,0,1,0,0,0,0,0,0,0,0,0,0,0,0
534,1,0,1,0,0,0,0,0,0,0,0,0,0,0,1
535,1,0,1,0,0,0,0,0,0,0,0,0,0,0,0
536,0,0,0,1,0,0,0,0,0,0,0,0,0,0,0
537,1,0,0,1,0,0,0,0,0,0,0,0,0,0,0
538,1,0,0,1,0,0,0,0,0,0,0,0,0,0,1
539,0,0,0,1,0,0,0,0,0,0,0,0,0,0,0
540,1,0,0,0,0,0,0,0,1,1,0,0,0,0,0
541,1,0,0,0,0,0,0,0,1,1,0,0,0,0,1
542,1,0,0,0,0,0,0,0,1,1,0,0,0,0,0
543,0,0,0,1,0,0,0,0,0,0,0,0,0,0,0
544,0,0,0,1,0,0,0,0,0,0,0,0,0,0,1
545,0,0,0,1,0,0,0,0,0,0,0,0,0,0,0
546,1,1,0,1,0,0,0,0,0,0,0,0,1,0,0
547,1,0,0,1,0,0,0,0,0,0,0,0,1,0,1
548,0,0,0,1,0,0,0,0,0,0,0,0,1,0,0
549,0,0,1,0,0,0,0,0,0,0,0,0,0,0,0
550,0,0,1,0,0,0,0,0,0,0,0,0,0,0,1
551,0,0,1,0,0,0,0,0,0,0,0,0,0,0,0
552,1,0,0,0,0,1,0,0,0,0,0,0,1,0,0
553,1,0,0,0,0,1,0,0,0,0,0,0,1,0,1
554,1,0,0,0,0,1,0,0,0,0,0,0,1,0,0
555,1,0,0,0,0,0,0,0,1,0,1,0,0,1,0
556,1,1,0,0,0,0,0,0,1,0,1,0,0,1,0
557,1,0,0,0,1,0,0,0,0,1,0,0,0,1,0
558,0,0,0,0,1,0,0,0,0,1,0,0,0,1,0
559,0,0,1,0,0,0,0,0,0,0,0,0,0,0,0
560,1,0,1,0,0,0,0,0,0,0,0,0,0,0,0
561,0,0,0,0,0,1,0,0,0,0,0,0,0,0,0
562,0,1,0,0,0,1,0,0,0,0,0,0,0,0,0
563,1,0,1,0,0,0,0,0,0,1,0,0,0,0,0
564,1,0,1,0,0,0,0,0,0,1,0,0,0,0,0
565,0,0,0,0,1,0,0,0,0,0,0,0,0,0,0
566,0,1,0,0,1,0,0,0,0,0,0,0,0,0,0
567,0,1,0,1,0,0,0,0,0,0,0,0,0,0,0
568,0,0,0,0,0,0,0,0,1,0,0,0,0,0,0
569,0,0,0,0,0,0,0,0,1,0,0,0,0,0,0
570,1,0,0,1,0,0,0,0,0,0,0,0,1,0,0
571,1,0,0,1,0,0,0,0,0,0,0,0,1,0,1
572,1,0,0,0,0,0,1,0,0,0,0,0,1,1,0
573,1,0,0,0,0,0,1,0,0,0,0,0,1,1,0
574,1,0,0,1,0,0,0,0,0,0,1,0,0,0,0
575,1,0,0,1,0,0,0,0,0,0,1,0,0,0,1
576,1,0,1,0,0,0,0,0,0,1,0,0,0,0,0
577,0,0,1,0,0,0,0,0,0,1,0,0,0,0,1
578,1,0,0,1,0,0,0,0,0,1,0,0,0,0,0
579,0,0,0,1,0,0,0,0,0,1,0,0,0,0,1
580,1,0,1,0,0,0,0,0,0,1,0,0,0,0,0
581,0,0,1,0,0,0,0,0,0,1,0,0,0,0,0
582,1,0,0,0,0,0,0,1,0,1,0,0,0,0,0
583,1,0,0,0,0,0,0,1,0,1,0,0,0,0,1
584,1,0,0,0,1,0,0,0,0,1,0,0,0,0,0
585,1,0,0,0,1,0,0,0,0,1,0,0,0,0,0
586,0,0,0,0,0,0,0,0,0,0,0,0,0,0,0
587,0,0,0,0,0,0,0,0,0,0,0,0,0,0,0
588,0,0,1,0,0,0,0,0,0,0,0,0,1,0,0
589,0,0,1,0,0,0,0,0,0,0,0,0,1,0,0
590,1,0,1,0,0,0,0,0,0,0,0,0,1,0,0
591,1,0,1,0,0,0,0,0,0,0,0,0,1,0,1
592,0,0,0,0,0,1,0,0,0,0,0,0,1,0,0
593,1,0,0,0,0,1,0,0,0,0,0,0,1,0,0
594,0,0,0,0,0,0,0,0,0,0,0,0,1,0,0
595,0,0,0,0,0,0,0,0,0,0,0,0,1,0,0
596,0,0,0,0,0,1,0,0,0,0,0,0,1,0,0
597,0,0,0,0,0,1,0,0,0,0,0,0,1,0,1
598,0,0,0,1,0,0,0,0,0,0,0,0,0,0,0
599,0,0,0,1,0,0,0,0,0,0,0,0,0,0,1
600,0,0,0,0,0,1,0,0,0,1,0,0,0,0,0
601,0,0,0,0,0,1,0,0,0,1,0,0,0,0,0
602,0,0,0,0,0,0,0,1,0,0,0,0,0,0,0
603,0,1,0,0,0,0,0,1,0,0,0,0,0,0,0
604,1,0,0,0,1,0,0,0,0,1,0,0,0,0,0
605,0,1,0,0,1,0,0,0,0,1,0,0,0,0,0
606,0,0,0,1,0,0,0,0,0,0,0,0,0,0,0
607,0,0,0,1,0,0,0,0,0,0,0,0,0,0,0
608,0,0,0,0,0,1,0,0,0,0,0,0,0,0,0
609,0,0,0,0,0,1,0,0,0,0,0,0,0,0,0
610,0,0,1,0,0,0,0,0,0,0,1,0,0,0,0
611,1,0,1,0,0,0,0,0,0,0,1,0,0,0,1
612,0,0,0,0,0,0,0,0,1,0,0,0,1,0,0
613,0,0,0,0,0,0,0,0,1,0,0,0,1,0,1
614,1,0,0,0,0,0,0,0,0,0,0,0,0,0,0
615,0,0,0,0,0,0,0,0,0,0,0,0,0,0,0
616,0,0,0,0,1,0,0,0,0,0,0,0,0,0,0
617,0,1,0,0,1,0,0,0,0,0,0,0,0,0,0
618,0,0,1,0,0,0,0,0,0,0,0,0,1,0,0
619,1,0,1,0,0,0,0,0,0,0,0,0,1,0,0
620,0,0,0,0,0,0,0,0,1,0,0,0,0,0,0
621,0,0,0,0,0,0,0,0,1,0,0,0,0,0,1
622,1,0,0,0,0,0,0,0,1,0,0,0,1,0,0
623,0,0,0,0,0,0,0,0,1,0,0,0,1,0,0
624,1,0,1,0,0,0,0,0,0,0,0,0,1,0,0
625,1,0,1,0,0,0,0,0,0,0,0,0,1,0,1
626,0,0,0,0,1,0,0,0,0,0,1,0,0,0,0
627,1,0,0,0,1,0,0,0,0,0,1,0,0,0,1
628,1,0,1,0,0,0,0,0,0,0,0,0,0,0,0
629,1,0,1,0,0,0,0,0,0,0,0,0,0,0,1
630,1,0,0,0,0,0,0,0,0,0,0,0,0,0,0
631,1,0,0,0,0,0,0,0,0,0,0,0,0,0,1
632,0,0,0,0,1,0,0,0,0,0,0,0,0,0,0
633,0,1,0,0,1,0,0,0,0,0,0,0,0,0,0
634,0,0,1,0,0,0,0,0,0,0,0,0,0,0,0
635,0,1,1,0,0,0,0,0,0,0,0,0,0,0,0
636,0,0,0,0,1,0,0,0,0,1,0,0,0,0,0
637,0,0,0,0,1,0,0,0,0,1,0,0,0,0,1
638,1,0,1,0,0,0,0,0,0,0,0,0,1,0,0
639,1,0,1,0,0,0,0,0,0,0,0,0,1,0,1
640,0,0,1,0,0,0,0,0,0,0,0,0,0,0,0
641,0,0,1,0,0,0,0,0,0,0,0,0,0,0,1
642,1,0,0,0,1,0,0,0,0,0,0,0,0,0,0
643,0,0,0,0,1,0,0,0,0,0,0,0,0,0,0
644,1,0,1,0,0,0,0,0,0,0,0,0,1,0,0
645,1,0,1,0,0,0,0,0,0,0,0,0,1,0,0
646,1,1,1,0,0,0,0,0,0,0,0,0,1,0,0
647,1,0,1,0,0,0,0,0,0,0,0,0,1,0,1
648,0,0,0,0,0,1,0,0,0,0,0,0,0,0,0
649,0,0,0,0,0,1,0,0,0,0,0,0,0,0,0
650,1,0,1,0,0,0,0,0,0,0,0,0,1,0,0
651,0,0,1,0,0,0,0,0,0,0,0,0,1,0,1
652,0,0,1,0,0,0,0,0,0,0,0,0,0,0,0
653,0,0,1,0,0,0,0,0,0,0,0,0,0,0,1
654,0,0,1,0,0,0,0,0,0,0,0,0,1,0,0
655,0,0,1,0,0,0,0,0,0,0,0,0,1,0,1
656,0,0,0,0,0,1,0,0,0,0,0,0,1,0,0
657,1,0,0,0,0,1,0,0,0,0,0,0,1,0,0
658,0,0,0,0,0,0,0,0,1,0,0,0,0,0,0
659,0,0,0,0,0,0,0,0,1,0,0,0,0,0,1
660,0,0,0,0,0,0,0,0,1,0,0,0,0,0,0
661,0,1,0,0,0,0,0,0,1,0,0,0,0,0,0
662,0,0,0,0,1,0,0,0,0,0,0,0,0,0,0
663,0,1,0,0,1,0,0,0,0,0,0,0,0,0,0
664,0,0,0,1,0,0,0,0,0,0,0,0,1,0,0
665,0,0,0,1,0,0,0,0,0,0,0,0,1,0,0
666,0,0,0,0,0,0,0,0,1,0,0,0,0,0,0
667,0,1,0,0,0,0,0,0,1,0,0,0,0,0,0
668,0,0,0,0,0,0,0,1,0,0,0,0,0,0,0
669,1,0,0,0,0,0,0,1,0,0,0,0,0,0,0
670,0,0,1,0,0,0,0,0,0,1,0,0,0,0,0
671,0,0,1,0,0,0,0,0,0,1,0,0,0,0,0
672,0,0,0,1,0,0,0,0,0,0,0,0,0,0,0
673,0,0,0,1,0,0,0,0,0,0,0,0,0,0,0
674,0,0,0,1,0,0,0,0,0,0,0,0,1,0,0
675,0,0,0,1,0,0,0,0,0,0,0,0,1,0,0
676,1,0,0,1,0,0,0,0,0,0,1,0,0,0,0
677,1,0,0,1,0,0,0,0,0,0,1,0,0,0,1
678,1,0,0,1,0,0,0,0,0,1,0,0,0,0,0
679,1,0,0,1,0,0,0,0,0,1,0,0,0,0,0
680,0,0,0,0,0,0,0,0,1,0,0,0,0,0,0
681,0,0,0,0,0,0,0,0,1,0,0,0,0,0,1
682,1,0,0,1,0,0,0,0,0,0,0,0,0,0,0
683,1,0,0,0,0,0,1,0,0,0,0,0,0,0,0
684,0,0,0,0,0,0,1,0,0,0,0,0,0,0,1
685,1,0,1,0,0,0,0,0,0,0,1,0,0,0,0
686,0,0,1,0,0,0,0,0,0,0,1,0,0,0,0
687,0,0,0,0,0,0,0,0,1,0,0,0,1,0,0
688,0,0,0,0,0,0,0,0,1,0,0,0,1,0,1
689,0,0,0,0,0,0,1,0,0,0,0,0,0,0,0
690,0,1,0,0,0,0,1,0,0,0,0,0,0,0,0
691,0,0,0,0,0,1,0,0,0,0,0,0,1,0,0
692,0,1,0,0,0,1,0,0,0,0,0,0,1,0,0
693,1,0,0,0,0,0,0,0,0,0,0,0,0,0,0
694,1,0,0,0,0,0,0,0,0,0,0,0,0,0,1
695,1,0,0,1,0,0,0,0,0,0,1,0,0,0,0
696,0,0,0,1,0,0,0,0,0,0,1,0,0,0,1
697,1,0,0,0,0,1,0,0,0,0,0,0,1,0,0
698,1,0,0,0,0,1,0,0,0,0,0,0,1,0,1
699,0,0,1,0,0,0,0,0,0,0,0,0,0,0,0
700,0,0,1,0,0,0,0,0,0,0,0,0,0,0,1
701,1,0,0,1,0,0,0,0,0,0,1,0,0,0,0
702,1,0,0,1,0,0,0,0,0,0,1,0,0,0,0
703,1,0,1,0,0,0,0,0,0,0,0,0,1,0,0
704,0,0,1,0,0,0,0,0,0,0,0,0,1,0,1
705,0,0,0,1,0,0,0,0,0,0,0,0,0,0,0
706,0,1,0,1,0,0,0,0,0,0,0,0,0,0,0
707,0,0,0,0,0,0,1,0,0,0,0,0,1,0,0
708,0,0,0,0,0,0,1,0,0,0,0,0,1,0,1
709,1,0,0,0,1,0,0,0,0,0,1,0,0,0,0
710,1,0,0,0,1,0,0,0,0,0,1,0,0,0,0
711,0,0,0,0,1,0,0,0,0,0,0,0,1,0,0
712,0,1,0,0,1,0,0,0,0,0,0,0,1,0,0
713,0,0,0,0,0,0,0,0,1,1,0,0,0,0,0
714,1,0,0,0,0,0,0,0,1,1,0,0,0,0,1
715,0,0,0,1,0,0,0,0,0,0,0,0,1,0,0
716,0,0,0,1,0,0,0,0,0,0,0,0,1,0,0
717,0,0,0,0,1,0,0,0,0,0,0,0,0,1,0
718,0,1,0,0,1,0,0,0,0,0,0,0,0,1,0
719,1,0,1,0,0,0,0,0,0,0,0,0,1,1,0
720,0,1,1,0,0,0,0,0,0,0,0,0,1,1,0
721,0,0,1,0,0,0,0,0,0,0,0,1,0,0,0
722,0,0,1,0,0,0,0,0,0,0,0,1,0,0,1
723,0,0,1,0,0,0,0,0,0,0,0,0,1,0,0
724,0,0,1,0,0,0,0,0,0,0,0,0,1,0,0
725,1,0,0,0,0,1,0,0,0,1,0,0,0,0,0
726,1,0,0,0,0,1,0,0,0,1,0,0,0,0,0
727,0,0,0,0,0,0,0,0,1,0,0,0,0,0,0
728,0,0,0,0,0,0,0,0,1,0,0,0,0,0,1
729,1,0,0,1,0,0,0,0,0,0,1,0,0,0,0
730,1,0,0,1,0,0,0,0,0,0,1,0,0,0,1
731,0,0,0,1,0,0,0,0,0,0,0,0,1,0,0
732,0,0,0,1,0,0,0,0,0,0,0,0,1,0,0
733,0,0,0,1,0,0,0,0,0,0,0,0,1,0,0
734,0,0,0,1,0,0,0,0,0,0,0,0,1,0,1
735,0,0,0,0,0,0,0,0,1,0,0,0,0,0,0
736,0,0,0,0,0,0,0,0,1,0,0,0,0,0,1
737,1,0,1,0,0,0,0,0,0,1,0,0,0,0,0
738,1,0,1,0,0,0,0,0,0,1,0,0,0,0,0
739,0,0,0,1,0,0,0,0,0,1,0,0,0,0,0
740,0,0,0,1,0,0,0,0,0,1,0,0,0,0,0
741,1,0,0,0,0,0,0,1,0,0,0,0,0,0,0
742,1,0,0,0,0,0,0,1,0,0,0,0,0,0,0
743,0,1,0,0,0,0,0,1,0,0,0,0,0,0,0
744,0,0,0,0,0,0,0,1,0,0,0,0,0,0,1
745,0,0,1,0,0,0,0,0,0,0,0,0,0,0,0
746,1,0,1,0,0,0,0,0,0,0,0,0,0,0,0
747,1,0,0,0,1,0,0,0,0,1,0,0,0,0,0
748,1,0,0,0,1,0,0,0,0,1,0,0,0,0,0
749,0,0,0,0,0,0,1,0,0,0,0,0,1,0,0
750,0,1,0,0,0,0,1,0,0,0,0,0,1,0,0
751,1,0,0,0,0,0,1,0,0,0,1,0,0,0,0
752,1,0,0,0,0,0,1,0,0,0,1,0,0,0,1
753,0,0,0,0,0,1,0,0,0,0,0,0,1,0,0
754,1,0,0,0,0,1,0,0,0,0,0,0,1,0,0
755,1,0,0,0,1,0,0,0,0,0,0,0,1,0,0
756,0,0,0,0,1,0,0,0,0,0,0,0,1,0,0
757,0,0,0,0,1,0,0,0,0,0,0,0,1,0,0
758,0,0,0,0,1,0,0,0,0,0,0,0,1,0,1
759,0,0,0,0,0,1,0,0,0,0,0,0,0,0,0
760,0,0,0,0,0,1,0,0,0,0,0,0,0,0,1
761,0,0,1,0,0,0,0,0,0,0,0,0,1,1,0
762,1,0,1,0,0,0,0,0,0,0,0,0,1,1,0
763,1,0,0,1,0,0,0,0,0,1,0,0,0,1,0
764,0,0,0,0,1,0,0,0,0,0,0,0,0,0,0
765,0,0,0,0,1,0,0,0,0,0,0,0,0,0,1
766,1,0,0,1,0,0,0,0,0,1,0,0,0,0,0
767,1,1,0,1,0,0,0,0,0,1,0,0,0,0,0
768,1,0,0,1,0,0,0,0,0,1,0,0,0,0,0
769,1,0,0,1,0,0,0,0,0,1,0,0,0,0,1
770,1,0,0,1,0,0,0,0,0,0,0,0,1,0,0
771,1,0,0,1,0,0,0,0,0,0,0,0,1,0,1
772,0,0,0,0,0,0,1,0,0,0,0,0,0,0,0
773,0,0,0,0,0,0,1,0,0,0,0,0,0,0,1
774,0,0,0,0,0,1,0,0,0,1,0,0,0,0,0
775,0,1,0,0,0,1,0,0,0,1,0,0,0,0,0
776,1,0,0,0,0,0,0,0,0,1,0,0,0,1,0
777,1,0,0,0,0,0,0,0,0,1,0,0,0,1,1
778,0,0,0,0,0,0,0,0,1,0,0,0,0,0,0
779,0,0,0,0,0,0,0,0,1,0,0,0,0,0,1
780,0,0,0,0,0,0,1,0,0,0,1,0,0,0,0
781,1,0,0,0,0,0,1,0,0,0,1,0,0,0,0
782,0,0,0,0,0,1,0,0,0,0,0,0,0,0,1
783,0,0,0,0,0,1,0,0,0,0,0,0,0,0,0
784,0,0,0,0,0,1,0,0,0,0,0,0,0,0,0
785,0,0,0,0,0,1,0,0,0,0,0,0,0,0,0
786,1,0,0,1,0,0,0,0,0,0,1,0,0,0,0
787,0,0,0,1,0,0,0,0,0,0,1,0,0,0,0
788,0,0,0,1,0,0,0,0,0,0,1,0,0,0,0
789,0,0,0,1,0,0,0,0,0,1,0,0,0,0,0
790,0,0,0,1,0,0,0,0,0,1,0,0,0,0,0
791,0,0,0,1,0,0,0,0,0,1,0,0,0,0,1
792,1,0,0,1,0,0,0,0,0,1,0,0,0,0,0
793,0,0,0,1,0,0,0,0,0,1,0,0,0,0,0
794,0,0,0,1,0,0,0,0,0,1,0,0,0,0,0
795,0,0,0,1,0,0,0,0,0,1,0,0,0,0,0
796,0,0,1,0,0,0,0,0,0,0,0,0,1,0,1
797,1,0,1,0,0,0,0,0,0,0,0,0,1,0,0
798,1,0,1,0,0,0,0,0,0,0,0,0,1,0,0
799,1,0,1,0,0,0,0,0,0,0,0,0,1,0,0
800,0,0,1,0,0,0,0,0,0,0,1,0,0,0,1
801,1,0,1,0,0,0,0,0,0,0,1,0,0,0,0
802,0,0,1,0,0,0,0,0,0,0,1,0,0,0,0
803,1,0,1,0,0,0,0,0,0,0,1,0,0,0,0
804,0,0,0,0,1,0,0,0,0,0,0,0,0,0,1
805,0,0,0,0,1,0,0,0,0,0,0,0,0,0,0
806,0,0,0,0,1,0,0,0,0,0,0,0,0,0,0
807,0,0,0,0,1,0,0,0,0,0,0,0,0,0,0
808,1,0,1,0,0,0,0,0,0,1,0,0,0,0,1
809,1,0,1,0,0,0,0,0,0,1,0,0,0,0,0
810,0,0,1,0,0,0,0,0,0,1,0,0,0,0,0
811,0,0,1,0,0,0,0,0,0,1,0,0,0,0,0
812,0,0,0,0,1,0,0,0,0,0,0,0,1,0,0
813,0,0,0,0,1,0,0,0,0,0,0,0,1,0,0
814,0,0,0,0,1,0,0,0,0,0,0,0,1,0,1
815,0,0,0,0,1,0,0,0,0,0,0,0,1,0,0
816,0,0,0,0,1,0,0,0,0,0,0,0,1,0,0
817,0,0,0,0,1,0,0,0,0,0,0,0,1,0,0
818,0,0,0,0,1,0,0,0,0,0,0,0,1,0,0
819,0,0,1,0,0,0,0,0,0,0,0,0,0,0,1
820,0,0,1,0,0,0,0,0,0,0,0,0,0,0,0
821,0,0,1,0,0,0,0,0,0,0,0,0,0,0,0
822,0,0,1,0,0,0,0,0,0,0,0,0,0,0,0
823,0,0,0,1,0,0,0,0,0,0,0,0,0,0,0
824,0,0,0,1,0,0,0,0,0,0,0,0,0,0,0
825,0,0,0,1,0,0,0,0,0,0,0,0,0,0,1
826,0,0,0,1,0,0,0,0,0,0,0,0,0,0,0
827,0,0,0,1,0,0,0,0,0,0,0,0,0,0,0
828,0,0,0,1,0,0,0,0,0,0,0,0,0,0,0
829,0,0,0,1,0,0,0,0,0,0,0,0,0,0,0
830,0,0,0,1,0,0,0,0,0,0,0,0,0,0,1
831,0,0,0,1,0,0,0,0,0,0,0,0,0,0,0
832,0,0,0,1,0,0,0,0,0,0,0,0,0,0,0
833,0,0,0,1,0,0,0,0,0,0,0,0,0,0,0
834,0,0,0,0,0,0,0,1,0,0,0,0,0,0,1
835,1,0,0,0,0,0,0,1,0,0,0,0,0,0,0
836,1,0,0,0,0,0,0,1,0,0,0,0,0,0,0
837,0,0,0,0,0,0,0,1,0,0,0,0,0,0,0
838,0,0,0,0,0,0,0,0,1,0,0,0,0,0,1
839,0,0,0,0,0,0,0,0,1,0,0,0,0,0,0
840,0,0,0,0,0,0,0,0,1,0,0,0,0,0,0
841,0,0,1,0,0,0,0,0,0,1,0,0,0,0,0
842,0,0,1,0,0,0,0,0,0,1,0,0,0,0,0
843,1,0,1,0,0,0,0,0,0,1,0,0,0,0,1
844,0,0,1,0,0,0,0,0,0,1,0,0,0,0,0
845,0,0,1,0,0,0,0,0,0,1,0,0,0,0,0
846,0,0,1,0,0,0,0,0,0,1,0,0,0,0,0
847,0,0,1,0,0,0,0,0,0,1,0,0,0,0,0
848,1,0,0,0,1,0,0,0,0,0,0,1,0,0,0
849,0,0,0,0,1,0,0,0,0,0,0,1,0,0,0
850,1,0,0,0,1,0,0,0,0,0,0,1,0,0,1
851,0,1,0,0,0,0,1,0,0,0,0,0,1,0,0
852,0,1,0,0,0,0,1,0,0,0,0,0,1,0,0
853,1,0,0,0,0,0,1,0,0,0,0,0,1,0,0
854,1,0,0,0,0,0,1,0,0,0,0,0,1,0,1
855,0,0,0,0,1,0,0,0,0,0,0,0,1,0,0
856,1,0,0,0,1,0,0,0,0,0,0,0,1,0,0
857,0,0,0,0,1,0,0,0,0,0,0,0,1,0,1
858,0,1,0,0,0,1,0,0,0,1,0,0,0,0,0
859,1,1,0,0,0,1,0,0,0,1,0,0,0,0,0
860,0,0,0,0,0,1,0,0,0,1,0,0,0,0,0
861,0,0,0,0,0,1,0,0,0,1,0,0,0,0,1
862,0,1,0,0,1,0,0,0,0,0,0,0,0,0,0
863,0,1,0,0,1,0,0,0,0,0,0,0,0,0,0
864,0,0,0,0,1,0,0,0,0,0,0,0,0,0,0
865,0,0,0,0,1,0,0,0,0,0,0,0,0,0,1
866,0,0,0,0,0,0,0,0,1,0,0,0,0,0,0
867,0,0,0,0,0,0,0,0,1,0,0,0,0,0,1
868,1,0,1,0,0,0,0,0,0,0,0,0,0,0,0
869,0,0,1,0,0,0,0,0,0,0,0,0,0,0,0
870,1,0,1,0,0,0,0,0,0,0,0,0,0,0,1
871,0,0,0,1,0,0,0,0,0,0,0,0,1,0,0
872,1,0,0,1,0,0,0,0,0,0,0,0,1,0,0
873,0,0,0,1,0,0,0,0,0,0,0,0,1,0,1
874,1,0,0,1,0,0,0,0,0,0,1,0,0,0,0
875,1,0,0,1,0,0,0,0,0,0,1,0,0,0,1
876,0,0,0,0,1,0,0,0,0,0,0,0,1,0,0
877,0,0,0,0,1,0,0,0,0,0,0,0,1,0,0
878,0,0,0,0,1,0,0,0,0,0,0,0,1,0,1
879,0,1,0,0,0,0,1,0,0,1,0,0,0,0,0
880,0,1,0,0,0,0,1,0,0,1,0,0,0,0,0
881,1,0,0,0,0,0,1,0,0,1,0,0,0,0,0
882,0,0,0,0,0,0,1,0,0,1,0,0,0,0,1
883,0,1,0,0,1,0,0,0,0,0,0,0,0,0,0
884,0,1,0,0,1,0,0,0,0,0,0,0,0,0,0
885,1,0,0,0,1,0,0,0,0,0,0,0,0,0,0
886,1,0,0,0,1,0,0,0,0,0,0,0,0,0,1
887,0,0,0,0,0,0,0,1,0,0,0,0,0,0,0
888,0,0,0,0,0,0,0,1,0,0,0,0,0,0,1
889,0,1,0,0,0,0,0,0,1,0,0,0,0,0,0
890,0,1,0,0,0,0,0,0,1,0,0,0,0,0,0
891,0,0,0,0,0,0,0,0,1,0,0,0,0,0,0
892,0,0,0,0,0,0,0,0,1,0,0,0,0,0,1
893,0,1,0,0,0,1,0,0,0,0,0,0,0,0,0
894,0,1,0,0,0,1,0,0,0,0,0,0,0,0,0
895,0,0,0,0,0,1,0,0,0,0,0,0,0,0,0
896,0,0,0,0,0,1,0,0,0,0,0,0,0,0,1
897,0,1,0,0,0,0,0,0,1,1,0,0,0,0,0
898,0,1,0,0,0,0,0,0,1,1,0,0,0,0,0
899,0,0,0,0,0,0,0,0,1,1,0,0,0,0,0
900,0,0,0,0,0,0,0,0,1,1,0,0,0,0,1
901,1,0,0,1,0,0,0,0,0,0,0,0,1,0,0
902,0,0,0,1,0,0,0,0,0,0,0,0,1,0,0
903,0,0,0,1,0,0,0,0,0,0,0,0,1,0,1
904,0,0,0,1,0,0,0,0,0,0,0,0,0,0,0
905,0,0,0,1,0,0,0,0,0,0,0,0,0,0,0
906,0,0,0,1,0,0,0,0,0,0,0,0,0,0,1
907,1,0,0,1,0,0,0,0,0,0,0,1,0,0,0
908,1,0,0,1,0,0,0,0,0,0,0,1,0,0,1
909,0,1,0,0,0,1,0,0,0,1,0,0,0,0,0
910,0,1,0,0,0,1,0,0,0,1,0,0,0,0,0
911,1,0,0,0,0,1,0,0,0,1,0,0,0,0,0
912,0,0,0,0,0,1,0,0,0,1,0,0,0,0,1
913,0,0,0,0,0,0,0,0,0,0,0,0,0,0,0
914,0,0,0,0,0,0,0,0,0,0,0,0,0,0,0
915,0,0,0,0,0,0,0,0,0,0,0,0,0,0,1
916,0,1,0,0,0,0,0,1,0,0,0,0,1,0,0
917,0,1,0,0,0,0,0,1,0,0,0,0,1,0,0
918,1,0,0,0,0,0,0,1,0,0,0,0,1,0,0
919,1,0,0,0,0,0,0,1,0,0,0,0,1,0,1
920,1,0,0,1,0,0,0,0,0,0,0,0,1,0,0
921,1,0,0,1,0,0,0,0,0,0,0,0,1,0,1
922,0,1,0,0,0,0,0,0,1,0,1,0,0,0,0
923,0,1,0,0,0,0,0,0,1,0,1,0,0,0,0
924,1,0,0,0,0,0,0,0,1,0,1,0,0,0,0
925,1,0,0,0,0,0,0,0,1,0,1,0,0,0,1
926,1,1,0,0,1,0,0,0,0,0,0,0,0,0,0
927,0,1,0,0,1,0,0,0,0,0,0,0,0,0,0
928,1,0,0,0,1,0,0,0,0,0,0,0,0,0,0
929,1,0,0,0,1,0,0,0,0,0,0,0,0,0,1
930,0,0,0,1,0,0,0,0,0,0,1,0,0,0,0
931,1,0,0,1,0,0,0,0,0,0,1,0,0,0,1
932,0,1,0,0,0,0,1,0,0,0,0,0,0,0,0
933,0,1,0,0,0,0,1,0,0,0,0,0,0,0,0
934,0,0,0,0,0,0,1,0,0,0,0,0,0,0,0
935,0,0,0,0,0,0,1,0,0,0,0,0,0,0,1
936,0,0,0,0,0,1,0,0,0,0,0,0,0,0,0
937,0,0,0,0,0,1,0,0,0,0,0,0,0,0,0
938,0,0,0,0,0,1,0,0,0,0,0,0,0,0,1
939,0,1,0,1,0,0,0,0,0,0,0,0,0,0,0
940,0,1,0,1,0,0,0,0,0,0,0,0,0,0,0
941,1,0,0,0,0,0,0,0,0,0,0,0,0,0,0
942,0,0,0,0,0,0,0,0,0,0,0,0,0,0,0
943,0,0,0,0,0,0,0,0,0,0,0,0,0,0,1
944,0,0,0,1,0,0,0,0,0,0,0,0,1,0,0
945,0,0,0,1,0,0,0,0,0,0,0,0,1,0,1
946,1,1,0,0,0,1,0,0,0,0,0,0,0,1,0
947,1,1,0,0,0,1,0,0,0,0,0,0,0,1,0
948,1,0,0,0,0,1,0,0,0,0,0,0,0,1,0
949,1,0,0,0,0,1,0,0,0,0,0,0,0,1,1
950,0,0,0,0,0,0,0,0,1,0,0,0,0,0,0
951,0,0,0,0,0,0,0,0,1,0,0,0,0,0,0
952,0,0,0,0,0,0,0,0,1,0,0,0,0,0,1
953,0,0,0,0,0,0,0,0,1,0,0,0,0,0,0
954,0,0,0,0,0,0,0,0,1,0,0,0,0,0,0
955,0,0,0,0,0,0,0,0,1,0,0,0,0,0,1
956,0,0,0,0,0,1,0,0,0,0,0,0,0,0,0
957,0,0,0,0,0,1,0,0,0,0,0,0,0,0,1
958,1,0,0,0,0,0,0,0,1,0,0,0,1,0,0
959,1,0,0,0,0,0,0,0,1,0,0,0,1,0,0
960,1,0,0,0,0,0,0,0,1,0,0,0,1,0,1
961,0,0,0,0,1,0,0,0,0,0,0,0,0,0,0
962,0,0,0,0,1,0,0,0,0,0,0,0,0,0,1
963,1,0,1,0,0,0,0,0,0,0,0,0,1,0,0
964,1,0,1,0,0,0,0,0,0,0,0,0,1,0,0
965,0,0,1,0,0,0,0,0,0,0,0,0,1,0,1
966,0,0,1,0,0,0,0,0,0,0,1,0,0,0,0
967,1,0,1,0,0,0,0,0,0,0,1,0,0,0,0
968,1,0,1,0,0,0,0,0,0,0,1,0,0,0,1
969,0,0,0,1,0,0,0,0,0,0,0,1,0,1,0
970,0,0,0,1,0,0,0,0,0,0,0,1,0,1,1
971,0,0,0,0,0,1,0,0,0,1,0,0,0,0,0
972,1,0,0,0,0,1,0,0,0,1,0,0,0,0,0
973,0,0,0,0,0,1,0,0,0,1,0,0,0,0,1
974,1,0,1,0,0,0,0,0,0,0,0,0,1,0,0
975,1,0,1,0,0,0,0,0,0,0,0,0,1,0,1
976,0,0,0,0,1,0,0,0,0,0,0,0,1,0,0
977,1,0,0,0,1,0,0,0,0,0,0,0,1,0,0
978,0,0,0,0,1,0,0,0,0,0,0,0,1,0,1
979,0,0,0,0,0,0,0,0,1,0,0,0,1,0,0
980,0,0,0,0,0,0,0,0,1,0,0,0,1,0,1
981,1,1,0,1,0,0,0,0,0,1,0,0,0,0,0
982,1,1,0,1,0,0,0,0,0,1,0,0,0,0,0
983,1,0,0,1,0,0,0,0,0,1,0,0,0,0,0
984,0,0,0,1,0,0,0,0,0,1,0,0,0,0,1
985,0,0,0,1,0,0,0,0,0,0,0,0,0,0,0
986,0,0,0,1,0,0,0,0,0,0,0,0,0,0,0
987,0,0,0,1,0,0,0,0,0,0,0,0,0,0,1
988,1,0,0,1,0,0,0,0,0,0,0,0,0,1,0
989,1,0,0,1,0,0,0,0,0,0,0,0,0,1,1
990,0,1,0,0,1,0,0,0,0,0,0,0,0,1,0
991,0,1,0,0,1,0,0,0,0,0,0,0,0,1,0
992,0,0,0,0,1,0,0,0,0,0,0,0,0,1,0
993,0,0,0,0,1,0,0,0,0,0,0,0,0,1,1
994,0,1,0,0,0,1,0,0,0,0,0,0,1,0,0
995,0,1,0,0,0,1,0,0,0,0,0,0,1,0,0
996,0,0,0,0,0,1,0,0,0,0,0,0,1,0,0
997,0,0,0,0,0,1,0,0,0,0,0,0,1,0,1
998,1,0,0,1,0,0,0,0,0,1,0,0,0,0,0
999,1,0,0,1,0,0,0,0,0,1,0,0,0,0,0
1000,1,0,0,1,0,0,0,0,0,1,0,0,0,0,1
1001,1,0,1,0,0,0,0,0,0,0,0,0,1,0,0
1002,1,0,1,0,0,0,0,0,0,0,0,0,1,0,1
1003,1,0,0,0,1,0,0,0,0,1,0,0,0,0,0
1004,1,0,0,0,1,0,0,0,0,1,0,0,0,0,1
1005,1,0,1,0,0,0,0,0,0,0,1,0,0,0,0
1006,1,0,1,0,0,0,0,0,0,0,1,0,0,0,1
1007,0,1,0,0,0,0,0,0,1,0,0,0,1,0,0
1008,0,1,0,0,0,0,0,0,1,0,0,0,1,0,0
1009,0,0,0,0,0,0,0,0,1,0,0,0,1,0,0
1010,0,0,0,0,0,0,0,0,1,0,0,0,1,0,1
1011,0,1,0,0,0,0,1,0,0,0,0,0,0,0,0
1012,1,1,0,0,0,0,1,0,0,0,0,0,0,0,0
1013,0,0,0,0,0,0,1,0,0,0,0,0,0,0,0
1014,0,0,0,0,0,0,1,0,0,0,0,0,0,0,1
1015,1,0,0,0,1,0,0,0,0,0,1,0,0,0,0
1016,1,0,0,0,1,0,0,0,0,0,1,0,0,0,1
1017,1,0,0,0,0,0,0,1,0,0,0,0,0,0,0
1018,0,0,0,0,0,0,0,1,0,0,0,0,0,0,0
1019,0,0,0,0,0,0,0,1,0,0,0,0,0,0,1
1020,0,0,0,0,0,0,0,1,0,1,0,0,0,0,0
1021,1,0,0,0,0,0,0,1,0,1,0,0,0,0,0
1022,1,0,0,0,0,0,0,1,0,1,0,0,0,0,1
1023,0,1,0,0,1,0,0,0,0,1,0,0,0,0,0
1024,0,1,0,0,1,0,0,0,0,1,0,0,0,0,0
1025,1,0,0,0,1,0,0,0,0,1,0,0,0,0,0
1026,0,0,0,0,1,0,0,0,0,1,0,0,0,0,1
1027,0,0,0,0,0,0,0,0,1,0,0,0,0,0,0
1028,0,0,0,0,0,0,0,0,1,0,0,0,0,0,1
1029,0,1,0,0,0,0,0,0,1,0,0,0,0,0,0
1030,0,1,0,0,0,0,0,0,1,0,0,0,0,0,0
1031,0,0,0,0,0,0,0,0,1,0,0,0,0,0,0
1032,0,0,0,0,0,0,0,0,1,0,0,0,0,0,1
1033,0,1,0,0,0,1,0,0,0,0,0,0,1,0,0
1034,0,1,0,0,0,1,0,0,0,0,0,0,1,0,0
1035,1,0,0,0,0,1,0,0,0,0,0,0,1,0,0
1036,0,0,0,0,0,1,0,0,0,0,0,0,1,0,1
1037,0,0,1,0,0,0,0,0,0,0,0,0,0,0,0
1038,0,0,1,0,0,0,0,0,0,0,0,0,0,0,1
1039,1,0,0,1,0,0,0,0,0,1,0,0,0,1,0
1040,1,0,0,1,0,0,0,0,0,1,0,0,0,1,0
1041,1,0,0,1,0,0,0,0,0,1,0,0,0,1,1
1042,0,1,0,0,0,0,1,0,0,0,0,0,1,0,0
1043,0,1,0,0,0,0,1,0,0,0,0,0,1,0,0
1044,1,0,0,0,0,0,1,0,0,0,0,0,1,0,0
1045,1,0,0,0,0,0,1,0,0,0,0,0,1,0,1
1046,0,0,0,1,0,0,0,0,0,0,0,0,0,0,0
1047,0,0,0,1,0,0,0,0,0,0,0,0,0,0,0
1048,0,0,0,1,0,0,0,0,0,0,0,0,0,0,1
1049,0,1,0,0,0,0,0,0,1,0,0,0,1,0,0
1050,0,1,0,0,0,0,0,0,1,0,0,0,1,0,0
1051,0,0,0,0,0,0,0,0,1,0,0,0,1,0,0
1052,0,0,0,0,0,0,0,0,1,0,0,0,1,0,1
1053,0,0,0,0,0,0,0,0,1,0,0,0,0,0,0
1054,0,0,0,0,0,0,0,0,1,0,0,0,0,0,1
1055,1,0,0,1,0,0,0,0,0,0,1,0,0,1,0
1056,1,0,0,1,0,0,0,0,0,0,1,0,0,1,0
1057,1,0,0,1,0,0,0,0,0,0,1,0,0,1,1
1058,0,1,0,0,0,0,1,0,0,0,0,0,0,0,0
1059,0,1,0,0,0,0,1,0,0,0,0,0,0,0,0
1060,0,0,0,0,0,0,1,0,0,0,0,0,0,0,0
1061,0,0,0,0,0,0,1,0,0,0,0,0,0,0,1
1062,0,1,0,0,0,0,0,0,1,0,0,0,0,0,0
1063,0,1,0,0,0,0,0,0,1,0,0,0,0,0,0
1064,0,0,0,0,0,0,0,0,1,0,0,0,0,0,0
1065,0,0,0,0,0,0,0,0,1,0,0,0,0,0,1
1066,0,0,0,0,0,0,0,0,1,0,0,0,1,0,0
1067,0,0,0,0,0,0,0,0,1,0,0,0,1,0,1
1068,0,1,0,0,0,0,0,1,0,0,0,0,1,0,0
1069,0,1,0,0,0,0,0,1,0,0,0,0,1,0,0
1070,1,0,0,0,0,0,0,1,0,0,0,0,1,0,0
1071,1,0,0,0,0,0,0,1,0,0,0,0,1,0,1
1072,1,1,1,0,0,0,0,0,0,1,0,0,0,0,0
1073,1,1,1,0,0,0,0,0,0,1,0,0,0,0,0
1074,0,0,1,0,0,0,0,0,0,1,0,0,0,0,0
1075,0,0,1,0,0,0,0,0,0,1,0,0,0,0,1
1076,0,0,0,0,0,1,0,0,0,0,0,0,0,0,0
1077,0,0,0,0,0,1,0,0,0,0,0,0,0,0,0
1078,0,0,0,0,0,1,0,0,0,0,0,0,0,0,1
1079,0,1,1,0,0,0,0,0,0,0,0,0,0,0,0
1080,0,1,1,0,0,0,0,0,0,0,0,0,0,0,0
1081,0,0,1,0,0,0,0,0,0,0,0,0,0,0,0
1082,0,0,1,0,0,0,0,0,0,0,0,0,0,0,1
1083,1,0,1,0,0,0,0,0,0,1,0,0,0,0,0
1084,1,0,1,0,0,0,0,0,0,1,0,0,0,0,0
1085,0,0,1,0,0,0,0,0,0,1,0,0,0,0,1
1086,1,0,0,0,0,0,1,0,0,0,0,0,0,0,0
1087,0,0,0,0,0,0,1,0,0,0,0,0,0,0,1
1088,1,0,0,1,0,0,0,0,0,0,1,0,0,0,0
1089,0,0,0,1,0,0,0,0,0,0,1,0,0,0,1
1090,1,0,0,0,1,0,0,0,0,1,0,0,0,0,0
1091,0,0,0,0,1,0,0,0,0,1,0,0,0,0,0
1092,0,0,0,0,1,0,0,0,0,1,0,0,0,0,1
1093,1,0,0,0,1,0,0,0,0,0,0,0,1,0,0
1094,1,0,0,0,1,0,0,0,0,0,0,0,1,0,0
1095,0,0,0,0,1,0,0,0,0,0,0,0,1,0,1
1096,0,1,0,0,0,0,1,0,0,0,0,0,1,0,0
1097,0,1,0,0,0,0,1,0,0,0,0,0,1,0,0
1098,1,0,0,0,0,0,1,0,0,0,0,0,1,0,0
1099,0,0,0,0,0,0,1,0,0,0,0,0,1,0,1
1100,0,0,0,0,0,0,0,0,1,1,0,0,0,0,0
1101,0,0,0,0,0,0,0,0,1,1,0,0,0,0,0
1102,0,0,0,0,0,0,0,0,1,1,0,0,0,0,1
1103,0,1,0,0,0,1,0,0,0,0,0,0,0,0,0
1104,0,1,0,0,0,1,0,0,0,0,0,0,0,0,0
1105,1,0,0,0,0,1,0,0,0,0,0,0,0,0,0
1106,0,0,0,0,0,1,0,0,0,0,0,0,0,0,1
1107,0,0,0,0,1,0,0,0,0,0,0,0,1,0,0
1108,0,0,0,0,1,0,0,0,0,0,0,0,1,0,0
1109,0,0,0,0,1,0,0,0,0,0,0,0,1,0,0
1110,1,0,0,0,1,0,0,0,0,0,0,0,1,0,0
1111,1,0,0,0,1,0,0,0,0,0,0,0,1,0,1
1112,0,0,0,0,1,0,0,0,0,0,0,0,1,0,0
1113,0,0,0,1,0,0,0,0,0,0,0,0,0,0,0
1114,1,1,0,1,0,0,0,0,0,0,0,0,0,0,0
1115,0,0,0,1,0,0,0,0,0,0,0,0,0,0,0
1116,0,0,0,1,0,0,0,0,0,0,0,0,0,0,1
1117,0,0,0,1,0,0,0,0,0,0,0,0,0,0,0
1118,1,0,0,1,0,0,0,0,0,0,1,0,0,0,0
1119,1,0,0,1,0,0,0,0,0,0,1,0,0,0,0
1120,1,0,0,1,0,0,0,0,0,0,1,0,0,0,1
1121,1,0,0,1,0,0,0,0,0,0,1,0,0,0,0
1122,0,0,0,1,0,0,0,0,0,0,0,0,1,0,0
1123,0,0,0,1,0,0,0,0,0,0,0,0,1,0,0
1124,1,0,0,1,0,0,0,0,0,0,0,0,1,0,0
1125,1,0,0,1,0,0,0,0,0,0,0,0,1,0,0
1126,0,0,0,1,0,0,0,0,0,0,0,0,1,0,1
1127,0,0,0,1,0,0,0,0,0,0,0,0,1,0,0
1128,0,0,0,0,0,1,0,0,0,0,0,0,0,0,0
1129,0,0,0,0,0,1,0,0,0,0,0,0,0,0,0
1130,0,0,0,0,0,1,0,0,0,0,0,0,0,0,1
1131,0,0,0,0,0,1,0,0,0,0,0,0,0,0,0
1132,0,0,0,0,1,0,0,0,0,0,0,0,0,0,0
1133,1,1,0,0,1,0,0,0,0,0,0,0,0,0,0
1134,0,0,0,0,1,0,0,0,0,0,0,0,0,0,0
1135,0,0,0,0,1,0,0,0,0,0,0,0,0,0,1
1136,0,0,0,0,1,0,0,0,0,0,0,0,0,0,0
1137,0,0,0,0,0,0,0,1,0,0,0,0,1,0,0
1138,1,1,0,0,0,0,0,1,0,0,0,0,1,0,0
1139,0,0,0,0,0,0,0,1,0,0,0,0,1,0,0
1140,0,0,0,0,0,0,0,1,0,0,0,0,1,0,1
1141,0,0,0,0,0,0,0,1,0,0,0,0,1,0,0
1142,0,0,0,0,0,0,0,0,0,0,0,0,1,0,0
1143,0,0,0,0,0,0,0,0,0,0,0,0,1,0,0
1144,0,0,0,0,0,0,0,0,0,0,0,0,1,0,1
1145,0,0,0,0,0,0,0,0,0,0,0,0,1,0,0
1146,0,0,1,0,0,0,0,0,0,1,0,0,0,0,0
1147,0,0,1,0,0,0,0,0,0,1,0,0,0,0,0
1148,1,0,1,0,0,0,0,0,0,1,0,0,0,0,1
1149,1,0,1,0,0,0,0,0,0,1,0,0,0,0,0
1150,1,0,0,0,1,0,0,0,0,0,0,0,0,0,0
1151,1,1,0,0,1,0,0,0,0,0,0,0,0,0,0
1152,0,0,0,0,1,0,0,0,0,0,0,0,0,0,0
1153,0,0,0,0,1,0,0,0,0,0,0,0,0,0,1
1154,0,0,0,0,1,0,0,0,0,0,0,0,0,0,0
1155,0,0,0,1,0,0,0,0,0,1,0,0,0,0,0
1156,0,1,0,1,0,0,0,0,0,1,0,0,0,0,0
1157,1,0,0,1,0,0,0,0,0,1,0,0,0,0,0
1158,1,0,0,1,0,0,0,0,0,1,0,0,0,0,1
1159,1,0,0,1,0,0,0,0,0,1,0,0,0,0,0
1160,1,0,0,1,0,0,0,0,0,0,0,0,1,0,0
1161,1,1,0,1,0,0,0,0,0,0,0,0,1,0,0
1162,1,0,0,1,0,0,0,0,0,0,0,0,1,0,0
1163,1,0,0,1,0,0,0,0,0,0,0,0,1,0,1
1164,1,0,0,1,0,0,0,0,0,0,0,0,1,0,0
1165,1,0,1,0,0,0,0,0,0,0,0,0,1,0,0
1166,1,0,1,0,0,0,0,0,0,0,0,0,1,0,0
1167,0,1,1,0,0,0,0,0,0,0,0,0,1,0,0
1168,1,0,1,0,0,0,0,0,0,0,0,0,1,0,0
1169,1,0,1,0,0,0,0,0,0,0,0,0,1,0,0
1170,0,0,1,0,0,0,0,0,0,0,0,0,1,0,1
1171,1,0,1,0,0,0,0,0,0,0,0,0,1,0,0
1172,0,0,0,0,1,0,0,0,0,0,0,0,0,0,0
1173,0,0,0,0,1,0,0,0,0,0,0,0,0,0,0
1174,0,0,0,0,1,0,0,0,0,0,0,0,0,0,1
1175,0,0,0,0,1,0,0,0,0,0,0,0,0,0,0
1176,1,0,1,0,0,0,0,0,0,1,0,0,0,0,0
1177,1,0,1,0,0,0,0,0,0,1,0,0,0,0,0
1178,0,0,1,0,0,0,0,0,0,1,0,0,0,0,1
1179,1,0,1,0,0,0,0,0,0,1,0,0,0,0,0
1180,0,0,0,1,0,0,0,0,0,0,0,0,0,0,0
1181,0,0,0,1,0,0,0,0,0,0,0,0,0,0,0
1182,0,0,0,1,0,0,0,0,0,0,0,0,0,0,0
1183,0,0,0,1,0,0,0,0,0,0,0,0,0,0,0
1184,0,0,0,1,0,0,0,0,0,0,0,0,0,0,1
1185,0,0,0,1,0,0,0,0,0,0,0,0,0,0,0
1186,0,0,0,0,0,0,0,0,1,1,0,0,0,0,0
1187,1,0,0,0,0,0,0,0,1,1,0,0,0,0,0
1188,1,0,0,0,0,0,0,0,1,1,0,0,0,0,0
1189,0,0,0,0,0,0,0,0,1,1,0,0,0,0,0
1190,1,0,0,0,0,0,0,0,1,1,0,0,0,0,1
1191,1,0,0,0,0,0,0,0,1,1,0,0,0,0,0
1192,0,0,0,1,0,0,0,0,0,1,0,0,0,0,0
1193,0,0,0,1,0,0,0,0,0,1,0,0,0,0,0
1194,0,0,0,1,0,0,0,0,0,1,0,0,0,0,1
1195,0,0,0,1,0,0,0,0,0,1,0,0,0,0,0
1196,1,0,0,1,0,0,0,0,0,0,0,0,1,0,0
1197,1,0,0,1,0,0,0,0,0,0,0,0,1,0,0
1198,1,0,0,1,0,0,0,0,0,0,0,0,1,0,0
1199,1,0,0,1,0,0,0,0,0,0,0,0,1,0,0
1200,0,0,0,1,0,0,0,0,0,0,0,0,1,0,1
1201,0,0,0,1,0,0,0,0,0,0,0,0,1,0,0
1202,1,0,0,0,0,0,0,0,0,0,0,0,0,1,0
1203,1,0,0,0,0,0,0,0,0,0,0,0,0,1,0
1204,0,0,0,0,0,0,0,0,0,0,0,0,0,1,1
1205,0,0,0,0,0,0,0,0,0,0,0,0,0,1,0
1206,0,0,0,0,0,0,0,1,0,0,0,0,0,0,0
1207,0,0,0,0,0,0,0,1,0,0,0,0,0,0,0
1208,0,0,0,0,0,0,0,1,0,0,0,0,0,0,1
1209,0,0,0,0,0,0,0,1,0,0,0,0,0,0,0
1210,0,0,0,0,0,0,0,0,1,0,0,0,0,0,0
1211,0,0,0,0,0,0,0,0,1,0,0,0,0,0,0
1212,0,0,0,0,0,0,0,0,1,0,0,0,0,0,1
1213,0,0,0,0,0,0,0,0,1,0,0,0,0,0,0
1214,1,0,0,0,0,0,0,0,0,0,0,0,0,0,0
1215,1,0,0,0,0,0,0,0,0,0,0,0,0,0,0
1216,1,0,0,0,0,0,0,0,0,0,0,0,0,0,1
1217,1,0,0,0,0,0,0,0,0,0,0,0,0,0,0
1218,1,0,1,0,0,0,0,0,0,0,1,0,0,0,0
1219,1,0,1,0,0,0,0,0,0,0,1,0,0,0,0
1220,1,0,1,0,0,0,0,0,0,0,1,0,0,0,1
1221,1,0,1,0,0,0,0,0,0,0,1,0,0,0,0
1222,0,0,0,0,0,0,0,0,1,0,0,0,0,0,0
1223,0,0,0,0,0,0,0,0,1,0,0,0,0,0,0
1224,0,0,0,0,0,0,0,0,1,0,0,0,0,0,1
1225,0,0,0,0,0,0,0,0,1,0,0,0,0,0,0
1226,1,0,0,0,0,1,0,0,0,0,0,0,0,0,0
1227,1,0,0,0,0,1,0,0,0,0,0,0,0,0,0
1228,1,0,0,0,0,1,0,0,0,0,0,0,0,0,1
1229,1,0,0,0,0,1,0,0,0,0,0,0,0,0,0
1230,0,0,0,0,0,0,0,0,1,0,0,0,1,0,0
1231,1,0,0,0,0,0,0,0,1,0,0,0,1,0,0
1232,0,0,0,0,0,0,0,0,1,0,0,0,1,0,0
1233,0,0,0,0,0,0,0,0,1,0,0,0,1,0,1
1234,0,0,0,0,0,0,0,0,1,0,0,0,1,0,0
1235,0,0,0,0,1,0,0,0,0,0,0,0,0,0,0
1236,0,1,0,0,1,0,0,0,0,0,0,0,0,0,0
1237,0,0,0,0,1,0,0,0,0,0,0,0,0,0,0
1238,0,0,0,0,1,0,0,0,0,0,0,0,0,0,1
1239,0,0,0,0,1,0,0,0,0,0,0,0,0,0,0
1240,0,0,0,0,0,1,0,0,0,0,0,0,1,0,0
1241,0,0,0,0,0,1,0,0,0,0,0,0,1,0,0
1242,0,0,0,0,0,1,0,0,0,0,0,0,1,0,1
1243,0,0,0,0,0,1,0,0,0,0,0,0,1,0,0
1244,1,0,0,0,1,0,0,0,0,0,0,0,0,0,0
1245,0,0,0,0,1,0,0,0,0,0,0,0,0,0,0
1246,1,0,0,0,1,0,0,0,0,0,0,0,0,0,0
1247,0,0,0,0,1,0,0,0,0,0,0,0,0,0,0
1248,1,0,0,0,1,0,0,0,0,0,0,0,0,0,1
1249,1,0,0,0,1,0,0,0,0,0,0,0,0,0,0
1250,1,0,0,0,0,0,0,0,0,0,0,0,1,0,0
1251,1,0,0,0,0,0,0,0,0,0,0,0,1,0,0
1252,1,0,0,0,0,0,0,0,0,0,0,0,1,0,0
1253,1,0,0,0,0,0,0,0,0,0,0,0,1,0,0
1254,1,0,0,0,0,0,0,0,0,0,0,0,1,0,1
1255,1,0,0,0,0,0,0,0,0,0,0,0,1,0,0
1256,1,0,0,0,1,0,0,0,0,0,0,0,1,0,0
1257,1,1,0,0,1,0,0,0,0,0,0,0,1,0,0
1258,1,0,0,0,1,0,0,0,0,0,0,0,1,0,0
1259,0,0,0,0,1,0,0,0,0,0,0,0,1,0,1
1260,1,0,0,0,1,0,0,0,0,0,0,0,1,0,0
1261,0,0,0,0,1,0,0,0,0,0,0,0,0,0,0
1262,0,1,0,0,1,0,0,0,0,0,0,0,0,0,0
1263,0,0,0,0,1,0,0,0,0,0,0,0,0,0,0
1264,0,0,0,0,1,0,0,0,0,0,0,0,0,0,1
1265,0,0,0,0,1,0,0,0,0,0,0,0,0,0,0
1266,0,0,1,0,0,0,0,0,0,0,0,0,1,0,0
1267,1,0,1,0,0,0,0,0,0,0,0,0,1,0,0
1268,0,0,1,0,0,0,0,0,0,0,0,0,1,0,0
1269,1,0,1,0,0,0,0,0,0,0,0,0,1,0,0
1270,0,0,1,0,0,0,0,0,0,0,0,0,1,0,1
1271,0,0,1,0,0,0,0,0,0,0,0,0,1,0,0
1272,1,0,0,0,0,0,0,1,0,0,1,0,0,0,0
1273,1,0,0,0,0,0,0,1,0,0,1,0,0,0,0
1274,1,0,0,0,0,0,0,1,0,0,1,0,0,0,1
1275,1,0,0,0,0,0,0,1,0,0,1,0,0,0,0
1276,0,0,1,0,0,0,0,0,0,0,0,0,0,0,0
1277,0,0,1,0,0,0,0,0,0,0,0,0,0,0,0
1278,0,0,1,0,0,0,0,0,0,0,0,0,0,0,1
1279,0,0,1,0,0,0,0,0,0,0,0,0,0,0,0
1280,1,0,0,0,0,0,1,0,0,0,0,0,1,0,0
1281,0,0,0,0,0,0,1,0,0,0,0,0,1,0,0
1282,1,0,0,0,0,0,1,0,0,0,0,0,1,0,0
1283,0,0,0,0,0,0,1,0,0,0,0,0,1,0,0
1284,1,0,0,0,0,0,1,0,0,0,0,0,1,0,1
1285,0,0,0,0,0,0,1,0,0,0,0,0,1,0,0
1286,1,0,0,0,0,0,0,1,0,0,0,0,0,0,0
1287,0,0,0,0,0,0,0,1,0,0,0,0,0,0,0
1288,0,0,0,0,0,0,0,1,0,0,0,0,0,0,1
1289,0,0,0,0,0,0,0,1,0,0,0,0,0,0,0
1290,0,0,0,1,0,0,0,0,0,0,0,0,0,0,0
1291,0,0,0,1,0,0,0,0,0,0,0,0,0,0,0
1292,0,0,0,1,0,0,0,0,0,0,0,0,0,0,1
1293,0,0,0,1,0,0,0,0,0,0,0,0,0,0,0
1294,0,0,0,0,0,0,0,0,1,0,0,0,0,0,0
1295,1,1,0,0,0,0,0,0,1,0,0,0,0,0,0
1296,0,0,0,0,0,0,0,0,1,0,0,0,0,0,0
1297,0,0,0,0,0,0,0,0,1,0,0,0,0,0,1
1298,0,0,0,0,0,0,0,0,1,0,0,0,0,0,0
1299,1,0,0,0,1,0,0,0,0,0,1,0,0,0,0
1300,1,0,0,0,1,0,0,0,0,0,1,0,0,0,0
1301,1,0,0,0,1,0,0,0,0,0,1,0,0,0,1
1302,1,0,0,0,1,0,0,0,0,0,1,0,0,0,0
1303,0,0,0,0,0,0,0,1,0,0,0,0,0,0,0
1304,0,0,0,0,0,0,0,1,0,0,0,0,0,0,0
1305,0,0,0,0,0,0,0,1,0,0,0,0,0,0,0
1306,0,0,0,0,0,0,0,1,0,0,0,0,0,0,0
1307,0,0,0,0,0,0,0,1,0,0,0,0,0,0,1
1308,0,0,0,0,0,0,0,1,0,0,0,0,0,0,0
1309,1,0,1,0,0,0,0,0,0,0,1,0,0,0,0
1310,1,0,1,0,0,0,0,0,0,0,1,0,0,0,0
1311,0,0,1,0,0,0,0,0,0,0,1,0,0,0,0
1312,0,0,1,0,0,0,0,0,0,0,1,0,0,0,0
1313,1,0,1,0,0,0,0,0,0,0,1,0,0,0,1
1314,1,0,1,0,0,0,0,0,0,0,1,0,0,0,0
1315,1,0,0,0,0,0,0,0,1,1,0,0,0,0,0
1316,1,0,0,0,0,0,0,0,1,1,0,0,0,0,0
1317,1,0,0,0,0,0,0,0,1,1,0,0,0,0,0
1318,0,0,0,0,0,0,0,0,1,1,0,0,0,0,0
1319,0,0,0,0,0,0,0,0,1,1,0,0,0,0,1
1320,1,0,0,0,0,0,0,0,1,1,0,0,0,0,0
1321,1,0,0,0,0,1,0,0,0,0,0,0,1,0,0
1322,1,0,0,0,0,1,0,0,0,0,0,0,1,0,0
1323,1,0,0,0,0,1,0,0,0,0,0,0,1,0,1
1324,1,0,0,0,0,1,0,0,0,0,0,0,1,0,0
1325,1,0,0,0,0,1,0,0,0,0,0,0,1,0,0
1326,0,0,0,0,0,1,0,0,0,0,0,0,1,0,0
1327,0,0,0,0,0,1,0,0,0,0,0,0,1,0,1
1328,1,0,0,0,0,1,0,0,0,0,0,0,1,0,0
1329,0,0,1,0,0,0,0,0,0,0,0,0,0,0,0
1330,0,0,1,0,0,0,0,0,0,0,0,0,0,0,0
1331,0,0,1,0,0,0,0,0,0,0,0,0,0,0,0
1332,0,0,1,0,0,0,0,0,0,0,0,0,0,0,0
1333,0,0,1,0,0,0,0,0,0,0,0,0,0,0,1
1334,0,0,1,0,0,0,0,0,0,0,0,0,0,0,0
1335,0,0,1,0,0,0,0,0,0,0,0,0,1,1,0
1336,0,0,1,0,0,0,0,0,0,0,0,0,1,1,0
1337,0,0,1,0,0,0,0,0,0,0,0,0,1,1,1
1338,0,0,1,0,0,0,0,0,0,0,0,0,1,1,0
1339,1,0,0,0,1,0,0,0,0,0,0,0,0,0,0
1340,1,0,0,0,1,0,0,0,0,0,0,0,0,0,0
1341,0,0,0,0,1,0,0,0,0,0,0,0,0,0,1
1342,0,0,0,0,1,0,0,0,0,0,0,0,0,0,0
1343,0,0,1,0,0,0,0,0,0,0,0,0,0,0,0
1344,0,0,1,0,0,0,0,0,0,0,0,0,0,0,0
1345,0,0,1,0,0,0,0,0,0,0,0,0,0,0,0
1346,0,0,1,0,0,0,0,0,0,0,0,0,0,0,0
1347,0,0,1,0,0,0,0,0,0,0,0,0,0,0,1
1348,0,0,1,0,0,0,0,0,0,0,0,0,0,0,0
1349,0,0,0,0,0,1,0,0,0,0,0,0,0,0,0
1350,0,0,0,0,0,1,0,0,0,0,0,0,0,0,0
1351,0,0,0,0,0,1,0,0,0,0,0,0,0,0,1
1352,0,0,0,0,0,1,0,0,0,0,0,0,0,0,0
1353,1,0,0,1,0,0,0,0,0,0,1,0,0,0,0
1354,1,0,0,1,0,0,0,0,0,0,1,0,0,0,0
1355,1,0,0,1,0,0,0,0,0,0,1,0,0,0,1
1356,1,0,0,1,0,0,0,0,0,0,1,0,0,0,0
1357,0,0,0,1,0,0,0,0,0,0,0,0,1,0,0
1358,0,0,0,1,0,0,0,0,0,0,0,0,1,0,0
1359,0,0,0,1,0,0,0,0,0,0,0,0,1,0,0
1360,0,0,0,1,0,0,0,0,0,0,0,0,1,0,0
1361,0,0,0,1,0,0,0,0,0,0,0,0,1,0,1
1362,0,0,0,1,0,0,0,0,0,0,0,0,1,0,0
1363,0,0,0,0,0,0,0,0,1,0,0,0,0,0,0
1364,0,0,0,0,0,0,0,0,1,0,0,0,0,0,0
1365,1,0,0,0,0,0,0,0,1,0,0,0,0,0,1
1366,0,0,0,0,0,0,0,0,1,0,0,0,0,0,0
1367,0,0,0,0,1,0,0,0,0,0,0,0,0,0,0
1368,0,0,0,0,1,0,0,0,0,0,0,0,0,0,0
1369,0,0,0,0,1,0,0,0,0,0,0,0,0,0,1
1370,0,0,0,0,1,0,0,0,0,0,0,0,0,0,0
1371,1,0,0,0,0,1,0,0,0,1,0,0,0,0,0
1372,1,1,0,0,0,1,0,0,0,1,0,0,0,0,0
1373,1,0,0,0,0,1,0,0,0,1,0,0,0,0,0
1374,1,0,0,0,0,1,0,0,0,1,0,0,0,0,1
1375,1,0,0,0,0,1,0,0,0,1,0,0,0,0,0
1376,0,0,0,1,0,0,0,0,0,0,0,0,0,0,0
1377,0,0,0,1,0,0,0,0,0,0,0,0,0,0,0
1378,0,0,0,1,0,0,0,0,0,0,0,0,0,0,0
1379,0,0,0,1,0,0,0,0,0,0,0,0,0,0,0
1380,0,0,0,1,0,0,0,0,0,0,0,0,0,0,1
1381,0,0,0,1,0,0,0,0,0,0,0,0,0,0,0
1382,1,0,0,0,1,0,0,0,0,0,0,0,1,0,0
1383,1,0,0,0,1,0,0,0,0,0,0,0,1,0,0
1384,1,0,0,0,1,0,0,0,0,0,0,0,1,0,0
1385,1,0,0,0,1,0,0,0,0,0,0,0,1,0,0
1386,1,0,0,0,1,0,0,0,0,0,0,0,1,0,1
1387,1,0,0,0,1,0,0,0,0,0,0,0,1,0,0
1388,0,0,0,0,0,1,0,0,0,0,0,0,0,0,0
1389,1,1,0,0,0,1,0,0,0,0,0,0,0,0,0
1390,0,0,0,0,0,1,0,0,0,0,0,0,0,0,0
1391,0,0,0,0,0,1,0,0,0,0,0,0,0,0,1
1392,0,0,0,0,0,1,0,0,0,0,0,0,0,0,0
1393,1,0,0,0,0,0,0,0,1,0,0,0,0,0,0
1394,1,0,0,0,0,0,0,0,1,0,0,0,0,0,0
1395,1,0,0,0,0,0,0,0,1,0,0,0,0,0,1
1396,1,0,0,0,0,0,0,0,1,0,0,0,0,0,0
1397,0,0,0,0,1,0,0,0,0,0,0,0,1,0,0
1398,1,0,0,0,1,0,0,0,0,0,0,0,1,0,0
1399,0,0,0,0,1,0,0,0,0,0,0,0,1,0,0
1400,0,0,0,0,1,0,0,0,0,0,0,0,1,0,0
1401,0,0,0,0,1,0,0,0,0,0,0,0,1,0,1
1402,0,0,0,0,1,0,0,0,0,0,0,0,1,0,0
1403,0,0,0,0,0,0,0,0,0,0,0,0,0,0,0
1404,0,0,0,0,0,0,0,0,0,0,0,0,0,0,0
1405,0,0,0,0,0,0,0,0,0,0,0,0,0,0,0
1406,0,0,0,0,0,0,0,0,0,0,0,0,0,0,0
1407,0,0,0,0,0,0,0,0,0,0,0,0,0,0,1
1408,0,0,0,0,0,0,0,0,0,0,0,0,0,0,0
1409,0,0,0,0,1,0,0,0,0,0,0,0,0,0,0
1410,0,1,0,0,1,0,0,0,0,0,0,0,0,0,0
1411,0,0,0,0,1,0,0,0,0,0,0,0,0,0,0
1412,0,0,0,0,1,0,0,0,0,0,0,0,0,0,1
1413,0,0,0,0,1,0,0,0,0,0,0,0,0,0,0
1414,0,0,0,0,0,0,0,0,1,0,0,0,0,0,0
1415,0,0,0,0,0,0,0,0,1,0,0,0,0,0,0
1416,0,0,0,0,0,0,0,0,1,0,0,0,0,0,1
1417,0,0,0,0,0,0,0,0,1,0,0,0,0,0,0
1418,0,0,0,0,1,0,0,0,0,0,0,0,0,0,0
1419,0,1,0,0,1,0,0,0,0,0,0,0,0,0,0
1420,0,0,0,0,1,0,0,0,0,0,0,0,0,0,0
1421,1,0,0,0,1,0,0,0,0,0,0,0,0,0,1
1422,0,0,0,0,1,0,0,0,0,0,0,0,0,0,0
1423,0,0,1,0,0,0,0,0,0,0,0,0,0,0,0
1424,0,1,1,0,0,0,0,0,0,0,0,0,0,0,0
1425,0,0,1,0,0,0,0,0,0,0,0,0,0,0,0
1426,0,0,1,0,0,0,0,0,0,0,0,0,0,0,1
1427,0,0,1,0,0,0,0,0,0,0,0,0,0,0,0
1428,0,0,1,0,0,0,0,0,0,1,0,0,0,0,0
1429,1,0,1,0,0,0,0,0,0,1,0,0,0,0,0
1430,1,0,1,0,0,0,0,0,0,1,0,0,0,0,1
1431,1,0,1,0,0,0,0,0,0,1,0,0,0,0,0
1432,0,0,0,1,0,0,0,0,0,1,0,0,0,0,0
1433,0,0,0,1,0,0,0,0,0,1,0,0,0,0,0
1434,0,0,0,1,0,0,0,0,0,1,0,0,0,0,0
1435,0,0,0,1,0,0,0,0,0,1,0,0,0,0,0
1436,0,0,0,1,0,0,0,0,0,1,0,0,0,0,1
1437,0,0,0,1,0,0,0,0,0,1,0,0,0,0,0
1438,0,0,0,1,0,0,0,0,0,0,0,0,1,0,0
1439,0,0,0,1,0,0,0,0,0,0,0,0,1,0,0
1440,0,0,0,1,0,0,0,0,0,0,0,0,1,0,0
1441,0,0,0,1,0,0,0,0,0,0,0,0,1,0,0
1442,0,0,0,1,0,0,0,0,0,0,0,0,1,0,1
1443,0,0,0,1,0,0,0,0,0,0,0,0,1,0,0
1444,1,0,1,0,0,0,0,0,0,1,0,0,0,1,0
1445,1,0,1,0,0,0,0,0,0,1,0,0,0,1,0
1446,1,0,1,0,0,0,0,0,0,1,0,0,0,1,1
1447,1,0,1,0,0,0,0,0,0,1,0,0,0,1,0
1448,0,0,0,0,0,1,0,0,0,0,0,0,0,0,0
1449,0,1,0,0,0,1,0,0,0,0,0,0,0,0,0
1450,0,0,0,0,0,1,0,0,0,0,0,0,0,0,0
1451,0,0,0,0,0,1,0,0,0,0,0,0,0,0,1
1452,0,0,0,0,0,1,0,0,0,0,0,0,0,0,0
1453,0,0,0,0,1,0,0,0,0,1,0,0,0,0,0
1454,1,0,0,0,1,0,0,0,0,1,0,0,0,0,0
1455,0,0,0,0,1,0,0,0,0,1,0,0,0,0,1
1456,1,0,0,0,1,0,0,0,0,1,0,0,0,0,0
1457,0,0,0,0,0,0,0,0,0,1,0,0,0,0,0
1458,0,0,0,0,0,0,0,0,0,1,0,0,0,0,0
1459,0,0,0,0,0,0,0,0,0,1,0,0,0,0,1
1460,0,0,0,0,0,0,0,0,0,1,0,0,0,0,0
1461,0,0,0,0,0,0,0,0,1,0,0,0,0,0,0
1462,0,1,0,0,0,0,0,0,1,0,0,0,0,0,0
1463,0,0,0,0,0,0,0,0,1,0,0,0,0,0,0
1464,0,0,0,0,0,0,0,0,1,0,0,0,0,0,1
1465,0,0,0,0,0,0,0,0,1,0,0,0,0,0,0
1466,0,0,0,0,0,0,0,0,1,0,0,0,0,0,0
1467,0,0,0,0,0,0,0,0,1,0,0,0,0,0,0
1468,0,0,0,0,0,0,0,0,1,0,0,0,0,0,1
1469,0,0,0,0,0,0,0,0,1,0,0,0,0,0,0
1470,1,0,0,1,0,0,0,0,0,0,1,0,0,1,0
1471,1,0,0,1,0,0,0,0,0,0,1,0,0,1,0
1472,1,0,0,1,0,0,0,0,0,0,1,0,0,1,1
1473,0,0,0,1,0,0,0,0,0,0,1,0,0,1,0
1474,0,0,0,0,1,0,0,0,0,0,0,0,1,0,0
1475,1,1,0,0,1,0,0,0,0,0,0,0,1,0,0
1476,0,0,0,0,1,0,0,0,0,0,0,0,1,0,0
1477,0,0,0,0,1,0,0,0,0,0,0,0,1,0,1
1478,0,0,0,0,1,0,0,0,0,0,0,0,1,0,0
1479,0,1,0,1,0,0,0,0,0,0,0,0,0,0,0
1480,0,0,0,0,1,0,0,0,0,0,0,0,1,1,0
1481,0,0,0,0,1,0,0,0,0,0,0,0,1,1,0
1482,0,0,0,0,1,0,0,0,0,0,0,0,1,1,1
1483,0,0,0,0,1,0,0,0,0,0,0,0,1,1,0
1484,0,0,1,0,0,0,0,0,0,0,0,0,0,0,0
1485,0,0,1,0,0,0,0,0,0,0,0,0,0,0,0
1486,0,0,1,0,0,0,0,0,0,0,0,0,0,0,1
1487,0,0,1,0,0,0,0,0,0,0,0,0,0,0,0
1488,0,0,1,0,0,0,0,0,0,0,0,0,1,0,0
1489,1,0,1,0,0,0,0,0,0,0,0,0,1,0,0
1490,0,0,1,0,0,0,0,0,0,0,0,0,1,0,0
1491,0,0,1,0,0,0,0,0,0,0,0,0,1,0,0
1492,0,0,1,0,0,0,0,0,0,0,0,0,1,0,1
1493,0,0,1,0,0,0,0,0,0,0,0,0,1,0,0
1494,0,0,0,1,0,0,0,0,0,0,0,0,0,0,0
1495,0,1,0,1,0,0,0,0,0,0,0,0,0,0,0
1496,0,0,0,1,0,0,0,0,0,0,0,0,0,0,0
1497,0,0,0,1,0,0,0,0,0,0,0,0,0,0,1
1498,0,0,0,1,0,0,0,0,0,0,0,0,0,0,0
1499,0,0,0,0,0,0,1,0,0,0,0,0,1,0,0
1500,1,1,0,0,0,0,1,0,0,0,0,0,1,0,0
1501,1,0,0,0,0,0,1,0,0,0,0,0,1,0,0
1502,0,0,0,0,0,0,1,0,0,0,0,0,1,0,1
1503,1,0,0,0,0,0,1,0,0,0,0,0,1,0,0
1504,0,0,1,0,0,0,0,0,0,0,0,0,0,0,0
1505,0,0,1,0,0,0,0,0,0,0,0,0,0,0,0
1506,0,0,1,0,0,0,0,0,0,0,0,0,0,0,1
1507,0,0,1,0,0,0,0,0,0,0,0,0,0,0,0
1508,0,0,0,0,0,0,1,0,0,0,0,0,1,1,0
1509,0,0,0,0,0,0,1,0,0,0,0,0,1,1,0
1510,0,0,0,0,1,0,0,0,0,0,0,0,1,0,0
1511,0,0,0,0,1,0,0,0,0,0,0,0,1,0,0
1512,1,0,0,0,1,0,0,0,0,0,0,0,1,0,0
1513,1,0,0,0,1,0,0,0,0,0,0,0,1,0,0
1514,0,0,0,0,1,0,0,0,0,0,0,0,1,0,1
1515,0,0,0,0,1,0,0,0,0,0,0,0,1,0,0
1516,1,0,0,0,1,0,0,0,0,0,0,0,0,0,0
1517,1,0,0,0,1,0,0,0,0,0,0,0,0,0,0
1518,1,0,0,0,1,0,0,0,0,0,0,0,0,0,0
1519,0,0,0,0,1,0,0,0,0,0,0,0,0,0,0
1520,0,0,0,0,1,0,0,0,0,0,0,1,0,1,0
1521,0,0,0,0,1,0,0,0,0,0,0,1,0,1,0
1522,0,0,0,0,1,0,0,0,0,0,0,1,0,1,0
1523,0,0,0,0,1,0,0,0,0,0,0,1,0,1,0
1524,0,0,0,1,0,0,0,0,0,0,0,0,0,0,0
1525,1,0,1,0,0,0,0,0,0,1,0,0,0,0,0
1526,1,0,1,0,0,0,0,0,0,1,0,0,0,0,0
1527,1,0,1,0,0,0,0,0,0,1,0,0,0,0,0
1528,1,0,1,0,0,0,0,0,0,1,0,0,0,0,0
1529,1,1,0,0,0,0,1,0,0,1,0,0,0,1,0
1530,1,0,0,0,0,0,1,0,0,1,0,0,0,1,0
1531,1,0,0,0,0,0,1,0,0,1,0,0,0,1,0
1532,1,0,0,0,0,0,1,0,0,1,0,0,0,1,0
1533,1,0,0,0,0,0,1,0,0,1,0,0,0,1,0
1534,1,0,0,0,0,0,1,0,0,1,0,0,0,1,0
1535,0,0,0,0,0,0,1,0,0,1,0,0,0,1,0
1536,0,0,0,0,0,0,0,0,0,0,0,0,0,0,0
1537,0,0,0,0,0,0,0,0,0,0,0,0,0,0,0
1538,0,0,0,0,0,0,0,0,0,0,0,0,0,0,0
1539,0,0,0,0,0,0,0,0,0,0,0,0,0,0,0
1540,0,0,0,0,0,0,0,0,0,0,0,0,0,0,0
1541,1,0,1,0,0,0,0,0,0,1,0,0,0,0,0
1542,1,0,1,0,0,0,0,0,0,1,0,0,0,0,0
1543,0,0,1,0,0,0,0,0,0,1,0,0,0,0,0
1544,1,0,1,0,0,0,0,0,0,1,0,0,0,0,0
1545,1,0,1,0,0,0,0,0,0,1,0,0,0,0,0
1546,0,1,0,0,1,0,0,0,0,1,0,0,0,0,0
1547,1,0,0,0,1,0,0,0,0,1,0,0,0,0,0
1548,1,0,0,0,1,0,0,0,0,1,0,0,0,0,0
1549,0,0,0,0,1,0,0,0,0,1,0,0,0,0,0
1550,0,0,0,0,1,0,0,0,0,1,0,0,0,0,0
1551,1,0,0,0,1,0,0,0,0,1,0,0,0,0,0
1552,0,1,0,0,1,0,0,0,0,0,0,0,0,0,0
1553,0,0,0,0,1,0,0,0,0,0,0,0,0,0,0
1554,0,0,0,0,1,0,0,0,0,0,0,0,0,0,0
1555,0,0,0,0,1,0,0,0,0,0,0,0,0,0,0
1556,0,0,0,0,1,0,0,0,0,0,0,0,0,0,0
1557,0,0,0,0,1,0,0,0,0,0,0,0,0,0,0
1558,1,0,1,0,0,0,0,0,0,0,0,0,1,0,0
1559,1,0,1,0,0,0,0,0,0,0,0,0,1,0,0
1560,1,0,1,0,0,0,0,0,0,0,0,0,1,0,0
1561,1,0,1,0,0,0,0,0,0,0,0,0,1,0,0
1562,1,0,0,0,0,1,0,0,0,0,0,0,1,0,0
1563,1,0,0,0,0,1,0,0,0,0,0,0,1,0,0
1564,0,0,0,0,0,1,0,0,0,0,0,0,1,0,0
1565,0,0,0,0,0,1,0,0,0,0,0,0,1,0,0
1566,1,0,0,1,0,0,0,0,0,1,0,0,0,0,0
1567,1,0,0,1,0,0,0,0,0,1,0,0,0,0,0
1568,1,0,0,1,0,0,0,0,0,1,0,0,0,0,0
1569,1,0,0,1,0,0,0,0,0,1,0,0,0,0,0
1570,0,0,0,0,0,0,0,1,0,1,0,0,0,1,0
1571,0,0,0,0,0,0,0,1,0,1,0,0,0,1,0
1572,1,0,0,0,0,0,0,1,0,1,0,0,0,1,0
1573,1,0,0,0,0,0,0,1,0,1,0,0,0,1,0
1574,0,1,0,0,0,1,0,0,0,0,0,0,0,0,0
1575,0,0,0,0,0,1,0,0,0,0,0,0,0,0,0
1576,0,0,0,0,0,1,0,0,0,0,0,0,0,0,0
1577,0,0,0,0,0,1,0,0,0,0,0,0,0,0,0
1578,0,0,0,0,0,1,0,0,0,0,0,0,0,0,0
1579,0,0,0,0,0,1,0,0,0,0,0,0,0,0,0
1580,1,0,0,0,0,0,0,0,1,1,0,0,0,1,0
1581,1,0,0,0,0,0,0,0,1,1,0,0,0,1,0
1582,1,0,0,0,0,0,0,0,1,1,0,0,0,1,0
1583,1,0,0,0,0,0,0,0,1,1,0,0,0,1,0
1584,0,0,1,0,0,0,0,0,0,0,0,0,0,0,0
1585,0,0,1,0,0,0,0,0,0,0,0,0,0,0,0
1586,0,0,1,0,0,0,0,0,0,0,0,0,0,0,0
1587,0,0,1,0,0,0,0,0,0,0,0,0,0,0,0
1588,1,0,0,0,0,0,0,0,1,1,0,0,0,0,0
1589,1,0,0,0,0,0,0,0,1,1,0,0,0,0,0
1590,1,0,0,0,0,0,0,0,1,1,0,0,0,0,0
1591,1,0,0,0,0,0,0,0,1,1,0,0,0,0,0
1592,0,1,0,0,0,0,1,0,0,0,0,0,1,0,0
1593,0,0,0,0,0,0,1,0,0,0,0,0,1,0,0
1594,0,0,0,0,0,0,1,0,0,0,0,0,1,0,0
1595,0,0,0,0,0,0,1,0,0,0,0,0,1,0,0
1596,1,0,0,0,0,0,1,0,0,0,0,0,1,0,0
1597,0,0,0,0,0,0,1,0,0,0,0,0,1,0,0
1598,0,0,0,0,0,0,0,0,0,0,0,0,0,0,0
1599,0,0,0,0,0,0,0,0,0,0,0,0,0,0,0
1600,0,0,0,0,0,0,0,0,0,0,0,0,0,0,0
1601,1,0,0,0,0,0,0,0,0,0,0,0,0,0,0
1602,1,0,0,1,0,0,0,0,0,0,0,0,1,0,0
1603,1,0,0,1,0,0,0,0,0,0,0,0,1,0,0
1604,1,0,0,1,0,0,0,0,0,0,0,0,1,0,0
1605,1,0,0,1,0,0,0,0,0,0,0,0,1,0,0
1606,0,0,0,0,0,0,0,0,0,0,0,0,0,0,0
1607,0,0,0,0,0,0,0,0,0,0,0,0,0,0,0
1608,0,0,0,0,0,0,0,0,0,0,0,0,0,0,0
1609,0,0,0,0,0,0,0,0,0,0,0,0,0,0,0
1610,0,0,0,0,0,0,0,0,0,0,0,0,0,0,0
1611,0,1,0,0,0,1,0,0,0,0,0,0,1,0,0
1612,0,0,0,0,0,1,0,0,0,0,0,0,1,0,0
1613,0,0,0,0,0,1,0,0,0,0,0,0,1,0,0
1614,0,0,0,0,0,1,0,0,0,0,0,0,1,0,0
1615,0,0,0,0,0,1,0,0,0,0,0,0,1,0,0
1616,0,0,0,0,0,1,0,0,0,0,0,0,1,0,0
1617,1,0,0,0,1,0,0,0,0,1,0,0,0,0,0
1618,1,0,0,0,1,0,0,0,0,1,0,0,0,0,0
1619,1,0,0,0,1,0,0,0,0,1,0,0,0,0,0
1620,1,0,0,0,1,0,0,0,0,1,0,0,0,0,0
1621,1,0,1,0,0,0,0,0,0,1,0,0,0,0,0
1622,1,0,1,0,0,0,0,0,0,1,0,0,0,0,0
1623,0,0,1,0,0,0,0,0,0,1,0,0,0,0,0
1624,0,0,1,0,0,0,0,0,0,1,0,0,0,0,0
1625,0,0,0,0,0,1,0,0,0,0,1,0,0,0,0
1626,0,0,0,0,0,1,0,0,0,0,1,0,0,0,0
1627,0,0,0,0,0,1,0,0,0,0,1,0,0,0,0
1628,0,0,0,0,0,1,0,0,0,0,1,0,0,0,0
1629,0,0,0,0,0,1,0,0,0,0,1,0,0,0,0
1630,0,0,0,0,0,0,0,0,1,0,0,0,0,0,0
1631,0,0,0,0,0,0,0,0,1,0,0,0,0,0,0
1632,0,0,0,0,0,0,0,0,1,0,0,0,0,0,0
1633,0,0,0,0,0,0,0,0,1,0,0,0,0,0,0
1634,1,0,0,0,1,0,0,0,0,0,0,0,1,0,0
1635,1,0,0,0,1,0,0,0,0,0,0,0,1,0,0
1636,0,0,0,0,1,0,0,0,0,0,0,0,1,0,0
1637,1,0,0,0,1,0,0,0,0,0,0,0,1,0,0
1638,0,1,1,0,0,0,0,0,0,0,0,0,0,0,0
1639,0,0,1,0,0,0,0,0,0,0,0,0,0,0,0
1640,0,0,1,0,0,0,0,0,0,0,0,0,0,0,0
1641,0,0,1,0,0,0,0,0,0,0,0,0,0,0,0
1642,0,0,1,0,0,0,0,0,0,0,0,0,0,0,0
1643,0,0,1,0,0,0,0,0,0,0,0,0,0,0,0
1644,1,0,0,0,0,0,0,0,1,0,0,0,1,0,0
1645,1,0,0,0,0,0,0,0,1,0,0,0,1,0,0
1646,1,0,0,0,0,0,0,0,1,0,0,0,1,0,0
1647,1,0,0,0,0,0,0,0,1,0,0,0,1,0,0
1648,1,0,0,0,0,0,0,0,1,0,0,0,1,0,0
1649,1,0,0,0,1,0,0,0,0,1,0,0,0,0,0
1650,1,0,0,0,1,0,0,0,0,1,0,0,0,0,0
1651,1,0,0,0,1,0,0,0,0,1,0,0,0,0,0
1652,0,0,0,0,1,0,0,0,0,1,0,0,0,0,0
1653,1,0,0,0,1,0,0,0,0,1,0,0,0,0,0
1654,0,0,0,0,1,0,0,0,0,1,0,0,0,1,0
1655,1,0,0,0,1,0,0,0,0,1,0,0,0,1,0
1656,1,0,0,0,1,0,0,0,0,1,0,0,0,1,0
1657,0,0,0,0,1,0,0,0,0,1,0,0,0,1,0
1658,1,0,0,0,1,0,0,0,0,1,0,0,0,1,0
1659,0,1,0,0,0,0,1,0,0,0,0,0,0,1,0
1660,1,0,0,0,0,0,1,0,0,0,0,0,0,1,0
1661,1,0,0,0,0,0,1,0,0,0,0,0,0,1,0
1662,0,0,0,0,0,0,1,0,0,0,0,0,0,1,0
1663,0,0,0,0,0,0,1,0,0,0,0,0,0,1,0
1664,0,0,0,0,0,0,1,0,0,0,0,0,0,1,0
1665,1,0,0,0,0,0,1,0,0,1,0,0,0,0,0
1666,1,0,0,0,0,0,1,0,0,1,0,0,0,0,0
1667,0,0,0,0,0,0,1,0,0,1,0,0,0,0,0
1668,1,0,0,0,0,0,1,0,0,1,0,0,0,0,0
1669,0,0,0,0,0,0,1,0,0,1,0,0,0,0,0
1670,1,0,0,0,0,0,0,0,0,0,0,1,0,1,0
1671,1,0,0,0,0,0,0,0,0,0,0,1,0,1,0
1672,0,0,0,0,0,0,0,0,0,0,0,1,0,1,0
1673,0,0,0,0,0,0,0,0,0,0,0,1,0,1,0
1674,1,0,0,0,0,0,0,0,0,0,0,0,0,0,0
1675,1,0,0,0,0,0,0,0,0,0,0,0,0,0,0
1676,0,0,0,0,0,0,0,0,0,0,0,0,0,0,0
1677,1,0,0,0,0,0,0,0,0,0,0,0,0,0,0
1678,0,1,0,0,0,0,0,0,1,0,0,0,0,1,0
1679,0,0,0,0,0,0,0,0,1,0,0,0,0,1,0
1680,0,1,0,0,1,0,0,0,0,1,0,0,0,0,0
1681,1,0,0,0,1,0,0,0,0,1,0,0,0,0,0
1682,1,0,0,0,1,0,0,0,0,1,0,0,0,0,0
1683,1,0,0,0,1,0,0,0,0,1,0,0,0,0,0
1684,1,0,0,0,1,0,0,0,0,1,0,0,0,0,0
1685,0,0,0,0,1,0,0,0,0,1,0,0,0,0,0
1686,1,0,0,0,0,1,0,0,0,0,0,0,0,0,0
1687,1,0,0,0,0,1,0,0,0,0,0,0,0,0,0
1688,1,0,0,0,0,1,0,0,0,0,0,0,0,0,0
1689,1,0,0,0,0,1,0,0,0,0,0,0,0,0,0
1690,1,0,0,0,0,1,0,0,0,0,0,0,0,0,0
1691,1,0,1,0,0,0,0,0,0,0,0,0,0,0,0
1692,1,0,1,0,0,0,0,0,0,0,0,0,0,0,0
1693,1,0,1,0,0,0,0,0,0,0,0,0,0,0,0
1694,0,0,1,0,0,0,0,0,0,0,0,0,0,0,0
1695,1,1,0,0,0,0,1,0,0,0,0,0,1,0,0
1696,1,0,0,0,0,0,1,0,0,0,0,0,1,0,0
1697,1,0,0,0,0,0,1,0,0,0,0,0,1,0,0
1698,1,0,0,0,0,0,1,0,0,0,0,0,1,0,0
1699,1,0,0,0,0,0,1,0,0,0,0,0,1,0,0
1700,1,0,0,0,0,0,1,0,0,0,0,0,1,0,0
1701,1,0,1,0,0,0,0,0,0,0,0,0,1,0,0
1702,1,0,1,0,0,0,0,0,0,0,0,0,1,0,0
1703,1,0,1,0,0,0,0,0,0,0,0,0,1,0,0
1704,1,0,1,0,0,0,0,0,0,0,0,0,1,0,0
1705,1,1,0,0,0,0,1,0,0,0,0,0,1,0,0
1706,1,0,0,0,0,0,1,0,0,0,0,0,1,0,0
1707,1,0,0,0,0,0,1,0,0,0,0,0,1,0,0
1708,1,0,0,0,0,0,1,0,0,0,0,0,1,0,0
1709,1,0,0,0,0,0,1,0,0,0,0,0,1,0,0
1710,0,0,0,0,0,0,1,0,0,0,0,0,1,0,0
1711,0,0,0,0,0,0,1,0,0,0,0,0,1,0,0
1712,0,1,0,0,0,0,0,0,1,0,0,0,0,0,0
1713,0,0,0,0,0,0,0,0,1,0,0,0,0,0,0
1714,0,0,0,0,0,0,0,0,1,0,0,0,0,0,0
1715,0,0,0,0,0,0,0,0,1,0,0,0,0,0,0
1716,0,0,0,0,0,0,0,0,1,0,0,0,0,0,0
1717,0,0,0,0,0,0,0,0,1,0,0,0,0,0,0
1718,1,0,1,0,0,0,0,0,0,0,0,1,0,0,0
1719,1,0,1,0,0,0,0,0,0,0,0,1,0,0,0
1720,1,0,1,0,0,0,0,0,0,0,0,1,0,0,0
1721,1,0,1,0,0,0,0,0,0,0,0,1,0,0,0
1722,1,0,1,0,0,0,0,0,0,1,0,0,0,0,0
1723,1,0,1,0,0,0,0,0,0,1,0,0,0,0,0
1724,0,0,1,0,0,0,0,0,0,1,0,0,0,0,0
1725,1,0,1,0,0,0,0,0,0,1,0,0,0,0,0
1726,0,0,1,0,0,0,0,0,0,1,0,0,0,0,0
1727,1,0,0,1,0,0,0,0,0,0,0,0,1,0,0
1728,1,0,0,1,0,0,0,0,0,0,0,0,1,0,0
1729,0,0,0,1,0,0,0,0,0,0,0,0,1,0,0
1730,0,0,0,1,0,0,0,0,0,0,0,0,1,0,0
1731,1,1,0,0,0,0,1,0,0,0,0,0,1,0,0
1732,0,0,0,0,0,0,1,0,0,0,0,0,1,0,0
1733,0,0,0,0,0,0,1,0,0,0,0,0,1,0,0
1734,1,0,0,0,0,0,1,0,0,0,0,0,1,0,0
1735,0,0,0,0,0,0,1,0,0,0,0,0,1,0,0
1736,1,0,0,0,0,0,1,0,0,0,0,0,1,0,0
1737,0,1,0,0,0,1,0,0,0,0,0,0,0,0,0
1738,0,0,0,0,0,1,0,0,0,0,0,0,0,0,0
1739,0,0,0,0,0,1,0,0,0,0,0,0,0,0,0
1740,0,0,0,0,0,1,0,0,0,0,0,0,0,0,0
1741,0,0,0,0,0,1,0,0,0,0,0,0,0,0,0
1742,0,0,0,0,0,1,0,0,0,0,0,0,0,0,0
1743,0,0,0,0,0,0,0,0,1,0,0,0,1,0,0
1744,0,0,0,0,0,0,0,0,1,0,0,0,1,0,0
1745,0,0,0,0,0,0,0,0,1,0,0,0,1,0,0
1746,0,0,0,0,0,0,0,0,1,0,0,0,1,0,0
1747,0,0,0,0,0,0,0,0,1,0,0,0,1,0,0
1748,1,1,1,0,0,0,0,0,0,0,0,0,1,0,0
1749,0,0,1,0,0,0,0,0,0,0,0,0,1,0,0
1750,0,0,1,0,0,0,0,0,0,0,0,0,1,0,0
1751,0,0,1,0,0,0,0,0,0,0,0,0,1,0,0
1752,0,0,1,0,0,0,0,0,0,0,0,0,1,0,0
1753,0,0,1,0,0,0,0,0,0,0,0,0,1,0,0
1754,1,0,0,1,0,0,0,0,0,1,0,0,0,0,0
1755,1,0,0,1,0,0,0,0,0,1,0,0,0,0,0
1756,1,0,0,1,0,0,0,0,0,1,0,0,0,0,0
1757,0,0,0,1,0,0,0,0,0,1,0,0,0,0,0
1758,1,0,0,0,0,0,0,0,0,0,0,0,0,0,0
1759,1,0,0,0,0,0,0,0,0,0,0,0,0,0,0
1760,1,0,0,0,0,0,0,0,0,0,0,0,0,0,0
1761,1,0,0,0,0,0,0,0,0,0,0,0,0,0,0
1762,0,0,0,0,1,0,0,0,0,0,0,0,1,0,0
1763,0,0,0,0,1,0,0,0,0,0,0,0,1,0,0
1764,0,0,0,0,1,0,0,0,0,0,0,0,1,0,0
1765,0,0,0,0,1,0,0,0,0,0,0,0,1,0,0
1766,0,0,0,0,1,0,0,0,0,0,0,0,1,0,0
1767,1,1,0,0,0,0,0,0,1,0,0,0,1,0,0
1768,1,0,0,0,0,0,0,0,1,0,0,0,1,0,0
1769,1,0,0,0,0,0,0,0,1,0,0,0,1,0,0
1770,1,0,0,0,0,0,0,0,1,0,0,0,1,0,0
1771,1,0,0,0,0,0,0,0,1,0,0,0,1,0,0
1772,1,0,0,0,0,0,0,0,1,0,0,0,1,0,0
1773,0,1,1,0,0,0,0,0,0,0,0,0,0,0,0
1774,0,0,1,0,0,0,0,0,0,0,0,0,0,0,0
1775,0,0,1,0,0,0,0,0,0,0,0,0,0,0,0
1776,0,0,1,0,0,0,0,0,0,0,0,0,0,0,0
1777,0,0,1,0,0,0,0,0,0,0,0,0,0,0,0
1778,0,0,1,0,0,0,0,0,0,0,0,0,0,0,0
1779,1,0,1,0,0,0,0,0,0,0,1,0,0,0,0
1780,1,0,1,0,0,0,0,0,0,0,1,0,0,0,0
1781,1,0,1,0,0,0,0,0,0,0,1,0,0,0,0
1782,1,0,1,0,0,0,0,0,0,0,1,0,0,0,0
1783,1,0,1,0,0,0,0,0,0,0,1,0,0,0,0
1784,1,0,1,0,0,0,0,0,0,1,0,0,0,0,0
1785,1,0,1,0,0,0,0,0,0,1,0,0,0,0,0
1786,1,0,1,0,0,0,0,0,0,1,0,0,0,0,0
1787,1,0,1,0,0,0,0,0,0,1,0,0,0,0,0
1788,0,1,0,0,0,0,0,1,0,0,0,0,1,0,0
1789,1,0,0,0,0,0,0,1,0,0,0,0,1,0,0
1790,1,0,0,0,0,0,0,1,0,0,0,0,1,0,0
1791,0,0,0,0,0,0,0,1,0,0,0,0,1,0,0
1792,0,0,0,0,0,0,0,1,0,0,0,0,1,0,0
1793,1,0,0,0,0,0,0,1,0,0,0,0,1,0,0
1794,1,0,1,0,0,0,0,0,0,0,0,0,0,0,0
1795,1,0,1,0,0,0,0,0,0,0,0,0,0,0,0
1796,1,0,1,0,0,0,0,0,0,0,0,0,0,0,0
1797,1,0,1,0,0,0,0,0,0,0,0,0,0,0,0
1798,1,0,1,0,0,0,0,0,0,0,0,0,0,0,0
1799,1,0,0,0,0,1,0,0,0,0,0,0,1,1,0
1800,1,0,0,0,0,1,0,0,0,0,0,0,1,1,0
1801,0,0,0,0,0,1,0,0,0,0,0,0,1,1,0
1802,0,0,0,0,0,1,0,0,0,0,0,0,1,1,0
1803,0,0,0,0,0,1,0,0,0,0,0,0,1,1,0
1804,0,0,1,0,0,0,0,0,0,0,0,0,0,0,0
1805,0,0,1,0,0,0,0,0,0,0,0,0,0,0,0
1806,0,0,1,0,0,0,0,0,0,0,0,0,0,0,0
1807,0,0,1,0,0,0,0,0,0,0,0,0,0,0,0
1808,0,0,1,0,0,0,0,0,0,0,0,0,0,0,0
1809,1,0,0,1,0,0,0,0,0,0,0,1,0,1,0
1810,0,0,0,1,0,0,0,0,0,0,0,1,0,1,0
1811,1,0,0,1,0,0,0,0,0,0,0,1,0,1,0
1812,1,0,0,1,0,0,0,0,0,0,0,1,0,1,0
1813,1,1,0,1,0,0,0,0,0,0,1,0,0,0,0
1814,1,0,0,1,0,0,0,0,0,0,1,0,0,0,0
1815,1,0,0,1,0,0,0,0,0,0,1,0,0,0,0
1816,1,0,0,1,0,0,0,0,0,0,1,0,0,0,0
1817,1,0,0,1,0,0,0,0,0,0,1,0,0,0,0
1818,1,0,0,1,0,0,0,0,0,0,1,0,0,0,0
1819,1,0,1,0,0,0,0,0,0,0,0,0,1,0,0
1820,1,0,1,0,0,0,0,0,0,0,0,0,1,0,0
1821,0,0,1,0,0,0,0,0,0,0,0,0,1,0,0
1822,1,0,1,0,0,0,0,0,0,0,0,0,1,0,0
1823,0,0,1,0,0,0,0,0,0,0,0,0,1,0,0
1824,1,0,0,0,0,0,0,0,1,0,0,0,1,0,0
1825,1,0,0,0,0,0,0,0,1,0,0,0,1,0,0
1826,0,0,0,0,0,0,0,0,1,0,0,0,1,0,0
1827,0,0,0,0,0,0,0,0,1,0,0,0,1,0,0
1828,0,0,0,0,0,0,0,0,1,0,0,0,1,0,0
1829,1,0,0,1,0,0,0,0,0,1,0,0,0,1,0
1830,1,0,0,1,0,0,0,0,0,1,0,0,0,1,0
1831,1,0,0,1,0,0,0,0,0,1,0,0,0,1,0
1832,1,0,0,1,0,0,0,0,0,1,0,0,0,1,0
1833,0,0,0,0,0,1,0,0,0,0,0,0,1,0,0
1834,0,0,0,0,0,1,0,0,0,0,0,0,1,0,0
1835,0,0,0,0,0,1,0,0,0,0,0,0,1,0,0
1836,0,0,0,0,0,1,0,0,0,0,0,0,1,0,0
1837,0,0,0,0,0,1,0,0,0,0,0,0,1,0,0
1838,0,1,0,0,1,0,0,0,0,0,0,0,0,0,0
1839,0,0,0,0,1,0,0,0,0,0,0,0,0,0,0
1840,0,0,0,0,1,0,0,0,0,0,0,0,0,0,0
1841,0,0,0,0,1,0,0,0,0,0,0,0,0,0,0
1842,0,0,0,0,1,0,0,0,0,0,0,0,0,0,0
1843,0,0,0,0,1,0,0,0,0,0,0,0,0,0,0
1844,0,0,0,0,1,0,0,0,0,0,0,0,1,0,0
1845,0,0,0,0,1,0,0,0,0,0,0,0,1,0,0
1846,0,0,0,0,1,0,0,0,0,0,0,0,1,0,0
1847,0,0,0,0,1,0,0,0,0,0,0,0,1,0,0
1848,1,0,0,1,0,0,0,0,0,1,0,0,0,0,0
1849,1,0,0,1,0,0,0,0,0,1,0,0,0,0,0
1850,1,0,0,1,0,0,0,0,0,1,0,0,0,0,0
1851,1,0,0,1,0,0,0,0,0,1,0,0,0,0,0
1852,0,1,0,0,1,0,0,0,0,1,0,0,0,1,0
1853,1,0,0,0,1,0,0,0,0,1,0,0,0,1,0
1854,1,0,0,0,1,0,0,0,0,1,0,0,0,1,0
1855,0,0,0,0,1,0,0,0,0,1,0,0,0,1,0
1856,1,0,0,0,1,0,0,0,0,1,0,0,0,1,0
1857,1,0,0,0,1,0,0,0,0,1,0,0,0,1,0
1858,1,1,0,0,0,0,0,0,1,0,0,0,0,0,0
1859,0,0,0,0,0,0,0,0,1,0,0,0,0,0,0
1860,0,0,0,0,0,0,0,0,1,0,0,0,0,0,0
1861,0,0,0,0,0,0,0,0,1,0,0,0,0,0,0
1862,0,0,0,0,0,0,0,0,1,0,0,0,0,0,0
1863,0,0,0,0,0,0,0,0,1,0,0,0,0,0,0
1864,0,0,0,0,0,0,1,0,0,0,0,0,0,1,0
1865,1,0,0,0,0,0,1,0,0,0,0,0,0,1,0
1866,0,0,0,0,0,0,1,0,0,0,0,0,0,1,0
1867,0,0,0,0,0,0,1,0,0,0,0,0,0,1,0
1868,1,0,0,1,0,0,0,0,0,1,0,0,0,0,0
1869,1,0,0,1,0,0,0,0,0,1,0,0,0,0,0
1870,1,0,0,1,0,0,0,0,0,1,0,0,0,0,0
1871,1,0,0,1,0,0,0,0,0,1,0,0,0,0,0
1872,0,0,0,1,0,0,0,0,0,1,0,0,0,0,0
1873,0,0,0,1,0,0,0,0,0,0,0,0,0,0,0
1874,0,0,0,1,0,0,0,0,0,0,0,0,0,0,0
1875,0,0,0,1,0,0,0,0,0,0,0,0,0,0,0
1876,0,0,0,1,0,0,0,0,0,0,0,0,0,0,0
1877,0,0,0,1,0,0,0,0,0,0,0,0,0,0,0
1878,1,0,1,0,0,0,0,0,0,1,0,0,0,0,0
1879,1,0,1,0,0,0,0,0,0,1,0,0,0,0,0
1880,0,0,1,0,0,0,0,0,0,1,0,0,0,0,0
1881,0,0,1,0,0,0,0,0,0,1,0,0,0,0,0
1882,0,0,0,1,0,0,0,0,0,0,0,0,0,0,0
1883,0,0,0,1,0,0,0,0,0,0,0,0,0,0,0
1884,0,0,0,1,0,0,0,0,0,0,0,0,0,0,0
1885,0,0,0,1,0,0,0,0,0,0,0,0,0,0,0
1886,0,0,0,1,0,0,0,0,0,0,0,0,0,0,0
1887,1,0,1,0,0,0,0,0,0,0,0,0,0,0,0
1888,1,0,1,0,0,0,0,0,0,0,0,0,0,0,0
1889,1,0,1,0,0,0,0,0,0,0,0,0,0,0,0
1890,0,0,1,0,0,0,0,0,0,0,0,0,0,0,0
1891,1,0,0,0,0,0,0,0,1,0,0,0,0,0,0
1892,0,0,0,0,0,0,0,0,1,0,0,0,0,0,0
1893,0,0,0,0,0,0,0,0,1,0,0,0,0,0,0
1894,0,0,0,0,0,0,0,0,1,0,0,0,0,0,0
1895,0,0,1,0,0,0,0,0,0,0,0,0,0,0,0
1896,0,0,1,0,0,0,0,0,0,0,0,0,0,0,0
1897,0,0,1,0,0,0,0,0,0,0,0,0,0,0,0
1898,0,0,1,0,0,0,0,0,0,0,0,0,0,0,0
1899,0,0,1,0,0,0,0,0,0,0,0,0,0,0,0
1900,0,1,0,1,0,0,0,0,0,0,0,0,0,0,0
1901,0,0,0,1,0,0,0,0,0,0,0,0,0,0,0
1902,0,1,0,0,1,0,0,0,0,0,0,0,1,0,0
1903,0,0,0,0,1,0,0,0,0,0,0,0,1,0,0
1904,1,0,0,0,1,0,0,0,0,0,0,0,1,0,0
1905,0,0,0,0,1,0,0,0,0,0,0,0,1,0,0
1906,1,0,0,0,1,0,0,0,0,0,0,0,1,0,0
1907,0,0,0,0,1,0,0,0,0,0,0,0,1,0,0
1908,0,0,0,1,0,0,0,0,0,0,0,0,0,0,0
1909,0,0,0,1,0,0,0,0,0,0,0,0,0,0,0
1910,0,0,0,1,0,0,0,0,0,0,0,0,0,0,0
1911,0,0,0,1,0,0,0,0,0,0,0,0,0,0,0
1912,0,0,0,1,0,0,0,0,0,0,0,0,0,0,0
